,black,female,vprev,age,edu,age_edu,state,region,y
1,0,1,0.526566670163472,2,4,8,39,1,1
2,0,1,0.564166665871938,4,2,14,31,1,0
3,0,1,0.566633343823751,1,3,3,7,1,0
4,0,1,0.52436664425532,2,2,6,33,1,1
5,0,1,0.52436664425532,4,4,16,33,1,1
6,0,0,0.526566670163472,2,2,6,39,1,1
7,0,1,0.549599981244405,4,2,14,20,1,1
8,0,0,0.52436664425532,3,4,12,33,1,0
9,0,0,0.478700007629395,3,1,9,40,1,0
10,0,1,0.564166665871938,2,4,8,31,1,0
11,0,1,0.52436664425532,4,3,15,33,1,1
12,0,1,0.52436664425532,2,4,8,33,1,1
13,0,1,0.564166665871938,2,4,8,31,1,0
14,0,1,0.489766651884715,2,4,8,22,1,0
15,0,0,0.564166665871938,4,2,14,31,1,1
16,0,0,0.526566670163472,4,1,13,39,1,1
17,0,1,0.564166665871938,1,2,2,31,1,0
18,0,0,0.52436664425532,2,3,7,33,1,0
19,0,1,0.52436664425532,4,3,15,33,1,0
20,0,0,0.566633343823751,1,2,2,7,1,0
21,0,0,0.526566670163472,3,2,10,39,1,1
22,0,0,0.52436664425532,2,4,8,33,1,0
23,0,0,0.52436664425532,2,4,8,33,1,1
24,0,1,0.489766651884715,3,4,12,22,1,0
25,0,0,0.564166665871938,1,2,2,31,1,1
26,0,1,0.564166665871938,3,4,12,31,1,1
27,0,1,0.564166665871938,4,3,15,31,1,0
28,0,0,0.489766651884715,2,1,5,22,1,0
29,0,1,0.52436664425532,3,2,10,33,1,0
30,0,0,0.594033358287811,4,1,13,44,3,0
31,0,0,0.489766651884715,2,3,7,22,1,0
32,0,0,0.526566670163472,2,4,8,39,1,0
33,0,0,0.52436664425532,1,3,3,33,1,0
34,0,1,0.611633290735881,2,2,6,10,3,0
35,0,1,0.564166665871938,4,1,13,31,1,1
36,0,1,0.539733344459534,3,2,10,4,3,1
37,0,1,0.564166665871938,3,2,10,31,1,1
38,0,0,0.594033358287811,3,4,12,44,3,0
39,0,1,0.537000003655752,2,2,6,14,2,1
40,0,0,0.572766618665059,3,4,12,41,3,1
41,0,1,0.489766651884715,1,4,4,22,1,1
42,0,0,0.611633290735881,1,1,1,10,3,1
43,0,1,0.572766618665059,2,4,8,41,3,1
44,0,0,0.526566670163472,1,3,3,39,1,1
45,0,1,0.572766618665059,2,4,8,41,3,1
46,0,0,0.584099987602234,3,2,10,19,3,1
47,0,1,0.537000003655752,2,2,6,14,2,0
48,0,1,0.608066638533274,2,4,8,47,3,0
49,0,1,0.603233325068156,3,1,9,37,3,0
50,0,1,0.489766651884715,1,4,4,22,1,0
51,0,1,0.564166665871938,3,1,9,31,1,1
52,0,1,0.523033343982697,2,3,7,11,3,0
53,0,0,0.552200000635783,1,3,3,36,2,1
54,0,0,0.505500021378199,2,2,6,24,2,1
55,0,1,0.584099987602234,2,2,6,19,3,1
56,0,0,0.566633343823751,2,3,7,7,1,1
57,0,0,0.582999997297923,1,4,4,25,3,1
58,1,1,0.152999997138977,2,4,8,9,5,0
59,0,1,0.608066638533274,4,1,13,47,3,0
60,0,0,0.602099974091848,4,1,13,17,2,0
61,0,1,0.533566686375936,2,2,6,26,2,0
62,0,1,0.493566658401489,2,2,6,49,1,0
63,0,0,0.537000003655752,2,4,8,14,2,1
64,0,1,0.529166691144307,2,3,7,18,3,0
65,0,1,0.501166654507319,2,4,8,21,1,0
66,0,1,0.603233325068156,3,4,12,37,3,1
67,1,0,0.572766618665059,1,2,2,41,3,1
68,0,1,0.523033343982697,1,3,3,11,3,1
69,0,1,0.554300017801921,2,3,7,43,3,1
70,0,0,0.537000003655752,3,4,12,14,2,0
71,0,0,0.52436664425532,1,2,2,33,1,1
72,0,0,0.582999997297923,1,2,2,25,3,1
73,0,1,0.493566658401489,2,3,7,49,1,1
74,0,1,0.584099987602234,2,4,8,19,3,1
75,0,1,0.582999997297923,3,2,10,25,3,1
76,0,0,0.594033358287811,2,4,8,44,3,1
77,0,0,0.554300017801921,3,1,9,43,3,1
78,0,0,0.608066638533274,2,3,7,47,3,1
79,0,0,0.537000003655752,2,2,6,14,2,0
80,0,1,0.584099987602234,4,2,14,19,3,1
81,0,0,0.602099974091848,1,1,1,17,2,1
82,0,1,0.571833309491475,3,1,9,34,3,1
83,0,0,0.523033343982697,3,2,10,11,3,1
84,0,1,0.594033358287811,1,4,4,44,3,1
85,0,0,0.505500021378199,1,4,4,24,2,1
86,1,1,0.611633290735881,1,2,2,10,3,1
87,0,1,0.611633290735881,4,4,16,10,3,0
88,0,1,0.537000003655752,1,2,2,14,2,1
89,0,0,0.552200000635783,1,3,3,36,2,0
90,0,0,0.572766618665059,1,2,2,41,3,0
91,0,0,0.523033343982697,3,1,9,11,3,0
92,1,1,0.594033358287811,3,3,11,44,3,0
93,0,1,0.523033343982697,1,2,2,11,3,0
94,0,0,0.611633290735881,2,3,7,10,3,1
95,0,0,0.594033358287811,2,4,8,44,3,0
96,0,1,0.537000003655752,2,4,8,14,2,0
97,0,0,0.527833360989889,3,3,11,50,2,0
98,1,1,0.594033358287811,4,2,14,44,3,0
99,0,0,0.501166654507319,2,2,6,21,1,0
100,0,0,0.501166654507319,3,4,12,21,1,1
101,0,1,0.554300017801921,4,2,14,43,3,0
102,0,1,0.529166691144307,1,2,2,18,3,0
103,0,0,0.548066697978973,1,2,2,23,2,0
104,0,1,0.533566686375936,2,2,6,26,2,1
105,0,0,0.608066638533274,2,1,5,47,3,1
106,0,1,0.584099987602234,2,3,7,19,3,1
107,0,0,0.611633290735881,1,2,2,10,3,0
108,0,0,0.571833309491475,3,4,12,34,3,1
109,0,1,0.594033358287811,3,2,10,44,3,1
110,1,0,0.611633290735881,2,2,6,10,3,0
111,0,1,0.581833334445953,3,4,12,15,2,1
112,0,0,0.582999997297923,1,3,3,25,3,1
113,0,1,0.548066697978973,4,2,14,23,2,0
114,0,1,0.594033358287811,1,3,3,44,3,0
115,0,1,0.571833309491475,2,2,6,34,3,1
116,0,1,0.571833309491475,1,1,1,34,3,1
117,0,1,0.594033358287811,4,1,13,44,3,1
118,0,1,0.608066638533274,1,3,3,47,3,1
119,0,1,0.493566658401489,3,1,9,49,1,1
120,0,0,0.529166691144307,2,1,5,18,3,1
121,0,0,0.611633290735881,2,1,5,10,3,1
122,1,1,0.548066697978973,2,2,6,23,2,0
123,0,0,0.611633290735881,2,2,6,10,3,0
124,0,0,0.505500021378199,4,1,13,24,2,0
125,0,0,0.594033358287811,1,1,1,44,3,0
126,0,1,0.537000003655752,3,4,12,14,2,1
127,0,1,0.493566658401489,2,2,6,49,1,0
128,1,0,0.611633290735881,2,2,6,10,3,0
129,0,1,0.554300017801921,4,2,14,43,3,1
130,0,1,0.613366670163472,2,3,7,3,4,1
131,0,1,0.657366662693024,2,4,8,13,4,0
132,0,1,0.594033358287811,3,4,12,44,3,0
133,0,1,0.537000003655752,4,4,16,14,2,1
134,0,1,0.594033358287811,4,4,16,44,3,1
135,0,1,0.552200000635783,2,2,6,36,2,1
136,0,1,0.582999997297923,2,4,8,25,3,1
137,0,1,0.493566658401489,4,1,13,49,1,1
138,0,1,0.608066638533274,3,4,12,47,3,0
139,0,1,0.554433295345306,2,2,6,48,4,1
140,0,0,0.611633290735881,3,4,12,10,3,1
141,0,1,0.524800026067098,1,4,4,16,2,0
142,0,0,0.572766618665059,1,3,3,41,3,0
143,0,0,0.594033358287811,4,4,16,44,3,1
144,0,0,0.552200000635783,1,3,3,36,2,1
145,0,1,0.505500021378199,1,3,3,24,2,1
146,0,1,0.554433295345306,3,1,9,48,4,1
147,0,1,0.552200000635783,1,3,3,36,2,1
148,0,1,0.537000003655752,3,3,11,14,2,1
149,0,0,0.611633290735881,1,3,3,10,3,1
150,0,1,0.665466688283284,4,1,13,28,2,1
151,0,0,0.543666702906291,2,4,8,5,4,1
152,0,0,0.505500021378199,3,2,10,24,2,0
153,0,0,0.534600032583872,2,2,6,8,1,0
154,0,1,0.543666702906291,2,3,7,5,4,0
155,0,1,0.548066697978973,2,2,6,23,2,0
156,0,1,0.665466688283284,1,2,2,28,2,0
157,0,0,0.614366671593984,2,4,8,35,2,1
158,0,1,0.543666702906291,1,3,3,5,4,0
159,0,1,0.613366670163472,3,1,9,3,4,0
160,0,0,0.611633290735881,2,4,8,10,3,1
161,0,0,0.554433295345306,1,2,2,48,4,1
162,0,1,0.665466688283284,1,4,4,28,2,1
163,0,0,0.594033358287811,3,4,12,44,3,1
164,0,0,0.548066697978973,1,3,3,23,2,0
165,0,1,0.537000003655752,1,2,2,14,2,1
166,0,1,0.533566686375936,2,2,6,26,2,0
167,0,1,0.548066697978973,1,4,4,23,2,1
168,0,1,0.529166691144307,3,2,10,18,3,0
169,0,1,0.602099974091848,2,2,6,17,2,1
170,1,1,0.537000003655752,2,3,7,14,2,0
171,0,1,0.548066697978973,3,4,12,23,2,0
172,0,0,0.543666702906291,3,2,10,5,4,1
173,0,0,0.537000003655752,1,2,2,14,2,0
174,0,1,0.543666702906291,3,2,10,5,4,0
175,0,1,0.543666702906291,2,3,7,5,4,0
176,0,1,0.537000003655752,3,3,11,14,2,0
177,0,0,0.543666702906291,4,3,15,5,4,1
178,0,1,0.547800015417735,3,4,12,32,4,0
179,0,1,0.552200000635783,2,3,7,36,2,1
180,0,1,0.543666702906291,3,3,11,5,4,0
181,0,1,0.554433295345306,4,2,14,48,4,0
182,0,0,0.602099974091848,2,4,8,17,2,0
183,0,1,0.554433295345306,1,3,3,48,4,0
184,0,1,0.554433295345306,3,3,11,48,4,1
185,0,0,0.543666702906291,2,4,8,5,4,0
186,0,0,0.543666702906291,3,3,11,5,4,1
187,0,0,0.543666702906291,1,2,2,5,4,1
188,0,1,0.547800015417735,2,3,7,32,4,0
189,0,0,0.544333343505859,2,4,8,38,4,0
190,0,1,0.552200000635783,3,2,10,36,2,0
191,0,0,0.543666702906291,2,4,8,5,4,1
192,0,0,0.527833360989889,2,3,7,50,2,1
193,0,0,0.543666702906291,4,2,14,5,4,0
194,0,0,0.547800015417735,3,2,10,32,4,1
195,0,1,0.543666702906291,4,2,14,5,4,1
196,0,1,0.554433295345306,4,3,15,48,4,1
197,0,0,0.543666702906291,2,3,7,5,4,0
198,0,0,0.543666702906291,3,4,12,5,4,1
199,0,0,0.692699998092651,3,4,12,45,4,1
200,0,1,0.692699998092651,1,3,3,45,4,1
201,0,1,0.543666702906291,3,2,10,5,4,1
202,1,1,0.594033358287811,2,4,8,44,3,1
203,0,1,0.543666702906291,2,3,7,5,4,1
204,0,0,0.489766651884715,2,4,8,22,1,0
205,0,0,0.564166665871938,2,2,6,31,1,0
206,0,1,0.564166665871938,1,4,4,31,1,0
207,0,1,0.554300017801921,2,3,7,43,3,1
208,0,0,0.611633290735881,2,4,8,10,3,1
209,0,1,0.543666702906291,3,2,10,5,4,0
210,0,1,0.552200000635783,4,3,15,36,2,0
211,0,1,0.543666702906291,2,2,6,5,4,1
212,0,0,0.52436664425532,1,1,1,33,1,1
213,0,0,0.552200000635783,1,2,2,36,2,1
214,0,1,0.543666702906291,2,3,7,5,4,1
215,1,0,0.537000003655752,1,4,4,14,2,0
216,0,0,0.572766618665059,1,2,2,41,3,0
217,0,1,0.554433295345306,3,3,11,48,4,0
218,0,0,0.543666702906291,2,4,8,5,4,1
219,0,1,0.548066697978973,3,4,12,23,2,1
220,0,0,0.52436664425532,1,4,4,33,1,0
221,0,1,0.527833360989889,2,4,8,50,2,1
222,0,1,0.552200000635783,2,2,6,36,2,0
223,0,1,0.552200000635783,1,2,2,36,2,0
224,0,0,0.52436664425532,3,4,12,33,1,0
225,0,1,0.608066638533274,3,3,11,47,3,1
226,0,1,0.478700007629395,2,3,7,40,1,0
227,0,1,0.537000003655752,2,4,8,14,2,1
228,0,1,0.552200000635783,1,2,2,36,2,1
229,0,0,0.543666702906291,2,2,6,5,4,1
230,0,1,0.489766651884715,3,4,12,22,1,0
231,0,1,0.543666702906291,1,2,2,5,4,1
232,0,0,0.544333343505859,2,2,6,38,4,1
233,0,1,0.478700007629395,4,1,13,40,1,0
234,0,0,0.613366670163472,3,2,10,3,4,1
235,0,1,0.527833360989889,1,4,4,50,2,1
236,0,0,0.692699998092651,2,4,8,45,4,1
237,0,0,0.505500021378199,1,2,2,24,2,1
238,0,0,0.552200000635783,4,2,14,36,2,1
239,0,1,0.524800026067098,3,2,10,16,2,0
240,0,0,0.549599981244405,1,4,4,20,1,0
241,0,0,0.594033358287811,1,4,4,44,3,0
242,0,1,0.547800015417735,2,3,7,32,4,1
243,0,1,0.527833360989889,2,2,6,50,2,1
244,0,1,0.613366670163472,3,2,10,3,4,0
245,0,1,0.548066697978973,3,2,10,23,2,0
246,0,1,0.505500021378199,2,3,7,24,2,0
247,0,0,0.489766651884715,3,4,12,22,1,1
248,0,1,0.584566701952616,2,3,7,6,4,1
249,0,1,0.564166665871938,2,4,8,31,1,1
250,0,0,0.608066638533274,1,3,3,47,3,1
251,0,1,0.505500021378199,1,3,3,24,2,1
252,0,1,0.501166654507319,1,3,3,21,1,1
253,0,0,0.493566658401489,3,2,10,49,1,1
254,0,0,0.548066697978973,2,2,6,23,2,1
255,0,1,0.584566701952616,2,4,8,6,4,0
256,0,1,0.564166665871938,3,2,10,31,1,0
257,0,1,0.554433295345306,1,3,3,48,4,1
258,0,1,0.602099974091848,1,3,3,17,2,1
259,0,0,0.603233325068156,1,3,3,37,3,1
260,0,1,0.552200000635783,3,2,10,36,2,1
261,0,1,0.552200000635783,3,4,12,36,2,1
262,0,0,0.543666702906291,2,4,8,5,4,0
263,1,0,0.52436664425532,2,4,8,33,1,0
264,1,0,0.554300017801921,1,3,3,43,3,0
265,1,0,0.584099987602234,1,2,2,19,3,0
266,0,0,0.533566686375936,1,4,4,26,2,0
267,0,0,0.554300017801921,3,2,10,43,3,1
268,1,0,0.584099987602234,2,3,7,19,3,0
269,0,0,0.564166665871938,1,3,3,31,1,1
270,0,1,0.611633290735881,4,2,14,10,3,0
271,0,0,0.526566670163472,3,4,12,39,1,1
272,0,1,0.554300017801921,2,4,8,43,3,0
273,0,1,0.489766651884715,1,2,2,22,1,1
274,0,1,0.548066697978973,2,4,8,23,2,0
275,0,1,0.523033343982697,3,2,10,11,3,1
276,0,1,0.537000003655752,3,1,9,14,2,0
277,1,0,0.572766618665059,1,2,2,41,3,1
278,0,1,0.571833309491475,3,3,11,34,3,1
279,0,0,0.537000003655752,1,2,2,14,2,0
280,0,0,0.493566658401489,2,3,7,49,1,0
281,0,0,0.611633290735881,1,1,1,10,3,0
282,0,0,0.548066697978973,3,4,12,23,2,0
283,0,1,0.489766651884715,2,2,6,22,1,0
284,0,0,0.527833360989889,1,4,4,50,2,0
285,0,0,0.52436664425532,2,2,6,33,1,0
286,0,1,0.554300017801921,3,2,10,43,3,0
287,0,0,0.539733344459534,4,2,14,4,3,0
288,0,1,0.552200000635783,2,2,6,36,2,1
289,1,1,0.523033343982697,3,1,9,11,3,0
290,0,1,0.548066697978973,2,2,6,23,2,0
291,0,1,0.611633290735881,3,3,11,10,3,1
292,0,1,0.489766651884715,1,3,3,22,1,0
293,0,1,0.526566670163472,4,4,16,39,1,0
294,0,0,0.489766651884715,4,3,15,22,1,1
295,0,0,0.603233325068156,1,3,3,37,3,1
296,0,1,0.537000003655752,2,3,7,14,2,1
297,0,0,0.537000003655752,4,2,14,14,2,0
298,0,1,0.505500021378199,1,3,3,24,2,0
299,0,0,0.526566670163472,2,2,6,39,1,0
300,0,0,0.548066697978973,3,3,11,23,2,1
301,0,0,0.611633290735881,3,3,11,10,3,0
302,0,1,0.523033343982697,2,4,8,11,3,1
303,0,0,0.548066697978973,2,3,7,23,2,0
304,0,1,0.526566670163472,1,2,2,39,1,0
305,0,1,0.523033343982697,2,2,6,11,3,0
306,0,0,0.489766651884715,2,4,8,22,1,0
307,0,0,0.608066638533274,1,2,2,47,3,0
308,0,0,0.489766651884715,1,2,2,22,1,0
309,0,1,0.52436664425532,1,2,2,33,1,0
310,0,0,0.537000003655752,1,1,1,14,2,0
311,0,1,0.533566686375936,3,2,10,26,2,0
312,0,1,0.665466688283284,3,3,11,28,2,1
313,0,0,0.548066697978973,1,2,2,23,2,1
314,0,0,0.564166665871938,2,4,8,31,1,1
315,0,1,0.599733334604899,2,3,7,42,2,1
316,0,0,0.564166665871938,4,2,14,31,1,0
317,0,1,0.594033358287811,4,1,13,44,3,1
318,1,0,0.571833309491475,2,3,7,34,3,1
319,0,0,0.523033343982697,1,3,3,11,3,1
320,0,0,0.537000003655752,2,2,6,14,2,0
321,1,0,0.52436664425532,1,2,2,33,1,0
322,0,1,0.554300017801921,4,4,16,43,3,1
323,0,1,0.581833334445953,4,1,13,15,2,1
324,0,1,0.581833334445953,2,3,7,15,2,0
325,0,0,0.564166665871938,4,2,14,31,1,0
326,0,1,0.489766651884715,2,4,8,22,1,0
327,0,1,0.533566686375936,3,2,10,26,2,1
328,1,1,0.565133328723908,2,1,5,1,3,1
329,0,0,0.493566658401489,2,2,6,49,1,1
330,0,1,0.537000003655752,3,2,10,14,2,0
331,0,1,0.52436664425532,1,2,2,33,1,1
332,0,0,0.52436664425532,4,2,14,33,1,0
333,0,0,0.564166665871938,2,4,8,31,1,1
334,0,0,0.608066638533274,2,4,8,47,3,0
335,0,0,0.552200000635783,3,3,11,36,2,1
336,0,0,0.52436664425532,3,1,9,33,1,1
337,0,1,0.52436664425532,2,3,7,33,1,0
338,0,0,0.632033331902822,2,2,6,30,1,0
339,0,1,0.489766651884715,1,2,2,22,1,0
340,0,1,0.594033358287811,3,4,12,44,3,1
341,0,0,0.582999997297923,2,3,7,25,3,1
342,0,1,0.52436664425532,2,4,8,33,1,1
343,0,1,0.548066697978973,3,2,10,23,2,1
344,0,1,0.548066697978973,3,2,10,23,2,0
345,0,0,0.572766618665059,3,4,12,41,3,1
346,0,1,0.505500021378199,3,3,11,24,2,1
347,0,0,0.478700007629395,2,2,6,40,1,1
348,0,1,0.594033358287811,3,2,10,44,3,0
349,0,0,0.489766651884715,2,2,6,22,1,0
350,0,1,0.505500021378199,4,1,13,24,2,0
351,0,0,0.559299989509582,2,2,6,46,1,1
352,0,1,0.564166665871938,2,3,7,31,1,0
353,0,1,0.52436664425532,2,3,7,33,1,0
354,0,0,0.594033358287811,1,2,2,44,3,1
355,0,0,0.552200000635783,2,3,7,36,2,1
356,0,1,0.571833309491475,3,2,10,34,3,0
357,0,1,0.572766618665059,2,4,8,41,3,1
358,0,1,0.584099987602234,2,2,6,19,3,0
359,0,0,0.564166665871938,1,4,4,31,1,1
360,0,1,0.584099987602234,1,2,2,19,3,1
361,1,1,0.608066638533274,1,2,2,47,3,1
362,0,1,0.564166665871938,2,2,6,31,1,1
363,0,1,0.478700007629395,2,4,8,40,1,0
364,0,0,0.572766618665059,3,2,10,41,3,1
365,0,0,0.611633290735881,1,4,4,10,3,1
366,1,1,0.537000003655752,1,4,4,14,2,0
367,0,1,0.489766651884715,3,2,10,22,1,0
368,0,0,0.564166665871938,3,4,12,31,1,0
369,0,0,0.611633290735881,3,2,10,10,3,0
370,0,1,0.594033358287811,3,3,11,44,3,1
371,0,1,0.526566670163472,1,2,2,39,1,1
372,0,1,0.493566658401489,1,1,1,49,1,1
373,0,1,0.523033343982697,2,2,6,11,3,1
374,0,0,0.52436664425532,3,4,12,33,1,0
375,0,0,0.611633290735881,1,3,3,10,3,0
376,0,1,0.523033343982697,2,3,7,11,3,1
377,0,0,0.571833309491475,2,2,6,34,3,1
378,0,0,0.571833309491475,4,1,13,34,3,1
379,0,0,0.533566686375936,2,3,7,26,2,1
380,0,1,0.548066697978973,3,2,10,23,2,1
381,0,0,0.52436664425532,2,4,8,33,1,1
382,0,1,0.501166654507319,1,3,3,21,1,1
383,0,0,0.608066638533274,1,4,4,47,3,1
384,0,1,0.523033343982697,3,4,12,11,3,1
385,0,1,0.608066638533274,2,2,6,47,3,1
386,0,1,0.602099974091848,2,3,7,17,2,1
387,0,0,0.489766651884715,2,4,8,22,1,1
388,0,0,0.52436664425532,2,4,8,33,1,1
389,1,0,0.611633290735881,2,1,5,10,3,1
390,0,0,0.594033358287811,4,2,14,44,3,1
391,1,1,0.52436664425532,1,4,4,33,1,1
392,0,1,0.582999997297923,3,2,10,25,3,1
393,0,0,0.548066697978973,2,2,6,23,2,1
394,0,0,0.584099987602234,1,2,2,19,3,1
395,1,0,0.501166654507319,1,2,2,21,1,0
396,0,0,0.493566658401489,3,2,10,49,1,0
397,0,1,0.572766618665059,4,2,14,41,3,0
398,0,1,0.493566658401489,2,2,6,49,1,1
399,0,1,0.52436664425532,2,4,8,33,1,0
400,0,0,0.526566670163472,4,4,16,39,1,0
401,1,1,0.523033343982697,3,2,10,11,3,0
402,0,1,0.526566670163472,4,2,14,39,1,1
403,0,0,0.611633290735881,1,2,2,10,3,1
404,0,1,0.611633290735881,2,2,6,10,3,1
405,0,1,0.501166654507319,3,2,10,21,1,0
406,0,1,0.594033358287811,3,4,12,44,3,1
407,0,1,0.594033358287811,2,4,8,44,3,1
408,0,1,0.52436664425532,3,2,10,33,1,1
409,0,0,0.594033358287811,4,4,16,44,3,1
410,0,1,0.529166691144307,2,2,6,18,3,1
411,0,1,0.594033358287811,4,4,16,44,3,1
412,0,1,0.554300017801921,2,4,8,43,3,1
413,0,1,0.52436664425532,3,4,12,33,1,1
414,0,1,0.594033358287811,1,2,2,44,3,1
415,0,0,0.571833309491475,1,2,2,34,3,1
416,0,0,0.564166665871938,1,3,3,31,1,1
417,0,1,0.543666702906291,4,2,14,5,4,1
418,0,1,0.571833309491475,2,4,8,34,3,1
419,0,0,0.564166665871938,2,1,5,31,1,1
420,0,1,0.537000003655752,4,1,13,14,2,0
421,0,1,0.529166691144307,3,2,10,18,3,1
422,0,1,0.489766651884715,1,4,4,22,1,0
423,0,1,0.554300017801921,3,2,10,43,3,1
424,0,1,0.584566701952616,1,4,4,6,4,1
425,0,1,0.537000003655752,2,4,8,14,2,0
426,0,1,0.564166665871938,2,3,7,31,1,1
427,0,0,0.526566670163472,1,2,2,39,1,1
428,0,0,0.611633290735881,3,4,12,10,3,0
429,0,1,0.571833309491475,2,1,5,34,3,0
430,0,0,0.611633290735881,4,2,14,10,3,1
431,0,1,0.526566670163472,2,3,7,39,1,0
432,0,0,0.581833334445953,3,2,10,15,2,0
433,0,1,0.489766651884715,2,3,7,22,1,1
434,0,0,0.594033358287811,2,4,8,44,3,1
435,0,1,0.537000003655752,2,3,7,14,2,1
436,0,0,0.611633290735881,4,2,14,10,3,1
437,0,1,0.594033358287811,1,4,4,44,3,1
438,0,0,0.608066638533274,1,3,3,47,3,1
439,0,0,0.529166691144307,1,3,3,18,3,1
440,0,1,0.594033358287811,1,3,3,44,3,1
441,0,1,0.478700007629395,2,3,7,40,1,0
442,0,0,0.603233325068156,2,3,7,37,3,0
443,0,1,0.552200000635783,2,2,6,36,2,0
444,0,0,0.529166691144307,3,3,11,18,3,1
445,0,0,0.526566670163472,4,2,14,39,1,0
446,0,0,0.52436664425532,2,2,6,33,1,1
447,0,1,0.554300017801921,1,3,3,43,3,1
448,0,1,0.505500021378199,2,2,6,24,2,0
449,0,1,0.611633290735881,1,1,1,10,3,0
450,0,1,0.552200000635783,1,4,4,36,2,1
451,0,1,0.537000003655752,3,2,10,14,2,1
452,0,1,0.611633290735881,2,4,8,10,3,1
453,0,1,0.611633290735881,2,4,8,10,3,1
454,0,1,0.523033343982697,1,2,2,11,3,1
455,0,0,0.611633290735881,4,1,13,10,3,1
456,0,1,0.52436664425532,3,3,11,33,1,1
457,0,1,0.526566670163472,1,2,2,39,1,0
458,0,1,0.602099974091848,3,2,10,17,2,1
459,0,1,0.533566686375936,2,4,8,26,2,0
460,0,1,0.608066638533274,2,2,6,47,3,1
461,0,1,0.611633290735881,2,3,7,10,3,1
462,0,1,0.527833360989889,1,3,3,50,2,0
463,0,0,0.523033343982697,2,4,8,11,3,1
464,0,1,0.529166691144307,2,2,6,18,3,1
465,0,1,0.527833360989889,2,2,6,50,2,1
466,0,0,0.52436664425532,1,2,2,33,1,1
467,0,1,0.665466688283284,3,4,12,28,2,1
468,0,0,0.554300017801921,3,2,10,43,3,1
469,0,0,0.505500021378199,3,2,10,24,2,0
470,0,0,0.584099987602234,2,3,7,19,3,0
471,0,1,0.564166665871938,1,4,4,31,1,1
472,0,1,0.52436664425532,2,3,7,33,1,1
473,0,0,0.533566686375936,4,3,15,26,2,0
474,0,1,0.548066697978973,2,3,7,23,2,1
475,0,0,0.537000003655752,2,3,7,14,2,1
476,0,1,0.554300017801921,1,4,4,43,3,1
477,0,1,0.594033358287811,2,2,6,44,3,1
478,0,0,0.529166691144307,3,1,9,18,3,1
479,0,1,0.539733344459534,1,2,2,4,3,1
480,0,1,0.537000003655752,1,2,2,14,2,1
481,0,1,0.533566686375936,2,4,8,26,2,1
482,0,0,0.565133328723908,2,2,6,1,3,1
483,0,0,0.692699998092651,1,4,4,45,4,1
484,0,1,0.602099974091848,2,2,6,17,2,1
485,0,0,0.594033358287811,1,4,4,44,3,1
486,0,1,0.582999997297923,2,1,5,25,3,0
487,0,0,0.613366670163472,3,3,11,3,4,1
488,0,1,0.594033358287811,2,2,6,44,3,1
489,0,1,0.543666702906291,2,4,8,5,4,1
490,0,1,0.554300017801921,1,4,4,43,3,1
491,1,0,0.582999997297923,2,2,6,25,3,0
492,0,0,0.613366670163472,1,4,4,3,4,1
493,0,1,0.527833360989889,2,4,8,50,2,0
494,0,0,0.594033358287811,1,2,2,44,3,1
495,0,0,0.554300017801921,4,2,14,43,3,1
496,0,1,0.527833360989889,2,2,6,50,2,0
497,0,0,0.543666702906291,1,4,4,5,4,0
498,0,1,0.584566701952616,2,2,6,6,4,0
499,0,0,0.543666702906291,2,4,8,5,4,0
500,0,0,0.543666702906291,3,3,11,5,4,1
501,0,1,0.543666702906291,1,2,2,5,4,1
502,0,0,0.543666702906291,1,4,4,5,4,0
503,0,1,0.554433295345306,1,1,1,48,4,0
504,0,0,0.554433295345306,1,4,4,48,4,1
505,0,0,0.633833340326945,2,3,7,51,4,1
506,0,0,0.543666702906291,1,4,4,5,4,1
507,0,0,0.547800015417735,2,4,8,32,4,1
508,0,1,0.543666702906291,1,2,2,5,4,1
509,0,0,0.543666702906291,2,4,8,5,4,1
510,0,0,0.543666702906291,2,4,8,5,4,1
511,1,0,0.543666702906291,3,4,12,5,4,0
512,0,1,0.543666702906291,4,4,16,5,4,0
513,1,0,0.543666702906291,4,1,13,5,4,0
514,0,0,0.554433295345306,3,4,12,48,4,0
515,0,0,0.544333343505859,3,2,10,38,4,1
516,0,1,0.554433295345306,1,2,2,48,4,0
517,1,1,0.52436664425532,2,2,6,33,1,0
518,0,1,0.52436664425532,3,2,10,33,1,1
519,0,1,0.526566670163472,3,2,10,39,1,0
520,0,1,0.526566670163472,3,3,11,39,1,1
521,0,1,0.52436664425532,3,3,11,33,1,1
522,0,1,0.489766651884715,2,4,8,22,1,1
523,0,1,0.52436664425532,2,4,8,33,1,0
524,0,0,0.52436664425532,3,4,12,33,1,0
525,1,1,0.52436664425532,1,2,2,33,1,0
526,0,1,0.52436664425532,2,2,6,33,1,0
527,0,0,0.52436664425532,1,4,4,33,1,1
528,0,0,0.52436664425532,3,1,9,33,1,1
529,0,0,0.52436664425532,2,4,8,33,1,1
530,0,1,0.526566670163472,2,4,8,39,1,0
531,0,1,0.566633343823751,4,1,13,7,1,1
532,0,1,0.478700007629395,1,2,2,40,1,1
533,0,1,0.52436664425532,3,4,12,33,1,0
534,0,1,0.489766651884715,2,3,7,22,1,1
535,0,1,0.52436664425532,2,3,7,33,1,1
536,0,0,0.564166665871938,3,4,12,31,1,1
537,0,1,0.527833360989889,3,3,11,50,2,0
538,0,0,0.52436664425532,2,4,8,33,1,0
539,0,1,0.548066697978973,2,3,7,23,2,0
540,0,1,0.564166665871938,3,2,10,31,1,0
541,0,1,0.526566670163472,4,2,14,39,1,1
542,0,0,0.52436664425532,2,3,7,33,1,1
543,0,1,0.581833334445953,3,2,10,15,2,1
544,0,1,0.533566686375936,1,2,2,26,2,1
545,0,1,0.52436664425532,2,3,7,33,1,0
546,0,1,0.564166665871938,1,2,2,31,1,1
547,0,1,0.526566670163472,2,2,6,39,1,1
548,0,1,0.552200000635783,3,2,10,36,2,1
549,0,0,0.552200000635783,1,3,3,36,2,1
550,0,1,0.552200000635783,3,2,10,36,2,1
551,0,1,0.478700007629395,2,4,8,40,1,0
552,0,1,0.52436664425532,2,4,8,33,1,0
553,0,1,0.526566670163472,3,2,10,39,1,1
554,0,1,0.526566670163472,1,2,2,39,1,1
555,0,0,0.527833360989889,2,2,6,50,2,0
556,0,1,0.527833360989889,2,4,8,50,2,0
557,0,0,0.552200000635783,1,2,2,36,2,0
558,0,0,0.566633343823751,2,2,6,7,1,0
559,0,1,0.602099974091848,4,1,13,17,2,1
560,0,0,0.552200000635783,2,3,7,36,2,0
561,0,0,0.527833360989889,2,4,8,50,2,1
562,0,1,0.552200000635783,2,2,6,36,2,1
563,0,0,0.489766651884715,4,4,16,22,1,1
564,1,1,0.52436664425532,2,4,8,33,1,0
565,0,1,0.527833360989889,1,4,4,50,2,1
566,0,1,0.537000003655752,1,2,2,14,2,1
567,0,1,0.548066697978973,1,4,4,23,2,1
568,0,0,0.478700007629395,2,1,5,40,1,1
569,0,0,0.602099974091848,2,3,7,17,2,1
570,0,0,0.552200000635783,2,2,6,36,2,1
571,0,0,0.489766651884715,2,4,8,22,1,1
572,0,0,0.602099974091848,2,3,7,17,2,1
573,0,1,0.526566670163472,4,2,14,39,1,0
574,0,0,0.533566686375936,2,4,8,26,2,1
575,1,1,0.584099987602234,3,2,10,19,3,0
576,0,1,0.537000003655752,1,4,4,14,2,0
577,0,0,0.552200000635783,3,2,10,36,2,1
578,0,0,0.527833360989889,1,2,2,50,2,0
579,0,1,0.537000003655752,2,2,6,14,2,0
580,0,1,0.505500021378199,2,2,6,24,2,0
581,0,1,0.527833360989889,2,2,6,50,2,0
582,0,1,0.52436664425532,2,2,6,33,1,0
583,0,0,0.505500021378199,1,2,2,24,2,1
584,1,1,0.548066697978973,3,1,9,23,2,0
585,0,1,0.581833334445953,2,2,6,15,2,1
586,0,0,0.665466688283284,2,4,8,28,2,0
587,0,0,0.552200000635783,2,4,8,36,2,0
588,0,0,0.608066638533274,2,2,6,47,3,1
589,0,0,0.52436664425532,2,4,8,33,1,0
590,0,0,0.611633290735881,3,2,10,10,3,1
591,0,0,0.554300017801921,3,4,12,43,3,0
592,0,0,0.527833360989889,3,2,10,50,2,1
593,0,0,0.552200000635783,3,1,9,36,2,1
594,0,1,0.552200000635783,1,2,2,36,2,1
595,0,0,0.526566670163472,1,3,3,39,1,1
596,0,0,0.611633290735881,4,3,15,10,3,1
597,0,1,0.608066638533274,4,4,16,47,3,1
598,1,1,0.552200000635783,2,4,8,36,2,0
599,0,1,0.533566686375936,3,3,11,26,2,1
600,0,1,0.608066638533274,4,2,14,47,3,1
601,0,1,0.529166691144307,3,2,10,18,3,1
602,0,1,0.571833309491475,2,2,6,34,3,1
603,0,0,0.52436664425532,3,4,12,33,1,0
604,0,0,0.548066697978973,1,3,3,23,2,1
605,0,1,0.537000003655752,2,2,6,14,2,1
606,0,0,0.524800026067098,3,2,10,16,2,0
607,1,1,0.582999997297923,4,1,13,25,3,0
608,0,1,0.611633290735881,1,4,4,10,3,1
609,0,0,0.539733344459534,2,4,8,4,3,0
610,0,1,0.594033358287811,2,3,7,44,3,0
611,0,1,0.493566658401489,2,2,6,49,1,0
612,0,1,0.594033358287811,2,4,8,44,3,0
613,0,0,0.493566658401489,3,3,11,49,1,1
614,0,1,0.665466688283284,1,3,3,28,2,1
615,0,1,0.52436664425532,1,1,1,33,1,0
616,0,1,0.52436664425532,3,2,10,33,1,0
617,0,1,0.611633290735881,4,4,16,10,3,1
618,0,1,0.594033358287811,2,4,8,44,3,1
619,0,0,0.505500021378199,2,2,6,24,2,1
620,1,1,0.533566686375936,1,2,2,26,2,1
621,1,0,0.523033343982697,1,1,1,11,3,0
622,0,1,0.584099987602234,1,4,4,19,3,1
623,1,1,0.152999997138977,4,2,14,9,5,0
624,0,1,0.611633290735881,2,2,6,10,3,0
625,0,0,0.527833360989889,1,3,3,50,2,0
626,0,1,0.594033358287811,4,4,16,44,3,1
627,1,0,0.594033358287811,2,3,7,44,3,0
628,0,1,0.594033358287811,3,2,10,44,3,0
629,0,0,0.526566670163472,1,2,2,39,1,0
630,0,1,0.594033358287811,1,2,2,44,3,1
631,0,0,0.608066638533274,4,2,14,47,3,1
632,1,0,0.571833309491475,4,2,14,34,3,0
633,0,0,0.594033358287811,3,2,10,44,3,1
634,0,0,0.537000003655752,2,4,8,14,2,1
635,0,1,0.571833309491475,4,2,14,34,3,0
636,0,1,0.554300017801921,2,4,8,43,3,1
637,0,0,0.527833360989889,3,2,10,50,2,1
638,1,0,0.529166691144307,2,2,6,18,3,1
639,0,0,0.571833309491475,3,2,10,34,3,1
640,0,0,0.665466688283284,3,2,10,28,2,1
641,0,0,0.594033358287811,4,3,15,44,3,1
642,0,0,0.565133328723908,2,4,8,1,3,1
643,1,1,0.608066638533274,3,4,12,47,3,0
644,1,1,0.608066638533274,1,3,3,47,3,0
645,0,1,0.611633290735881,1,3,3,10,3,1
646,0,1,0.565133328723908,4,4,16,1,3,0
647,0,1,0.529166691144307,4,1,13,18,3,0
648,0,1,0.543666702906291,3,3,11,5,4,0
649,0,1,0.594033358287811,2,2,6,44,3,0
650,0,1,0.584566701952616,3,3,11,6,4,1
651,0,1,0.539733344459534,4,2,14,4,3,1
652,0,0,0.543666702906291,1,2,2,5,4,0
653,0,1,0.594033358287811,4,4,16,44,3,1
654,0,1,0.584566701952616,1,3,3,6,4,1
655,0,0,0.611633290735881,3,2,10,10,3,0
656,0,0,0.594033358287811,1,4,4,44,3,1
657,0,1,0.613366670163472,3,2,10,3,4,1
658,0,1,0.543666702906291,3,3,11,5,4,0
659,0,0,0.523033343982697,2,4,8,11,3,0
660,1,1,0.565133328723908,1,3,3,1,3,1
661,0,1,0.611633290735881,4,2,14,10,3,1
662,0,0,0.571833309491475,4,2,14,34,3,1
663,0,0,0.547800015417735,3,2,10,32,4,1
664,0,1,0.547800015417735,3,4,12,32,4,1
665,0,1,0.543666702906291,2,2,6,5,4,1
666,1,0,0.523033343982697,1,3,3,11,3,1
667,0,1,0.544333343505859,3,1,9,38,4,0
668,0,0,0.603233325068156,1,2,2,37,3,0
669,0,1,0.505500021378199,2,3,7,24,2,0
670,0,1,0.572766618665059,1,2,2,41,3,0
671,0,1,0.547800015417735,2,4,8,32,4,0
672,0,1,0.543666702906291,2,4,8,5,4,1
673,0,1,0.543666702906291,2,4,8,5,4,1
674,0,1,0.493566658401489,4,1,13,49,1,1
675,0,0,0.527833360989889,2,2,6,50,2,1
676,0,0,0.554433295345306,3,1,9,48,4,1
677,0,1,0.565133328723908,2,3,7,1,3,0
678,0,1,0.582999997297923,3,3,11,25,3,1
679,0,1,0.554300017801921,3,3,11,43,3,1
680,0,1,0.543666702906291,3,1,9,5,4,0
681,0,0,0.554433295345306,4,2,14,48,4,1
682,0,1,0.543666702906291,1,2,2,5,4,1
683,0,0,0.543666702906291,1,3,3,5,4,1
684,0,0,0.523033343982697,2,1,5,11,3,1
685,0,1,0.613366670163472,4,4,16,3,4,0
686,0,0,0.543666702906291,3,4,12,5,4,1
687,0,1,0.543666702906291,2,4,8,5,4,0
688,0,1,0.603233325068156,3,2,10,37,3,1
689,0,1,0.603833326975505,3,2,10,29,4,0
690,0,1,0.529166691144307,3,2,10,18,3,1
691,0,0,0.584566701952616,2,4,8,6,4,1
692,0,1,0.543666702906291,3,1,9,5,4,1
693,0,1,0.524800026067098,3,1,9,16,2,0
694,0,0,0.608066638533274,1,3,3,47,3,1
695,0,1,0.594033358287811,2,1,5,44,3,1
696,0,1,0.566633343823751,2,4,8,7,1,1
697,0,0,0.543666702906291,4,1,13,5,4,0
698,0,0,0.501166654507319,2,2,6,21,1,0
699,0,1,0.594033358287811,4,2,14,44,3,0
700,0,1,0.52436664425532,2,4,8,33,1,0
701,0,1,0.544333343505859,2,3,7,38,4,0
702,0,0,0.543666702906291,2,4,8,5,4,0
703,1,1,0.611633290735881,2,3,7,10,3,0
704,0,1,0.594033358287811,2,4,8,44,3,1
705,0,0,0.613366670163472,1,3,3,3,4,0
706,0,1,0.526566670163472,4,3,15,39,1,1
707,0,1,0.543666702906291,2,3,7,5,4,1
708,0,1,0.552200000635783,2,2,6,36,2,1
709,1,0,0.52436664425532,1,2,2,33,1,1
710,0,1,0.548066697978973,2,2,6,23,2,0
711,0,1,0.571833309491475,3,2,10,34,3,1
712,0,0,0.544333343505859,2,4,8,38,4,0
713,0,1,0.581833334445953,1,2,2,15,2,0
714,0,1,0.571833309491475,2,2,6,34,3,1
715,0,0,0.548066697978973,1,2,2,23,2,0
716,0,1,0.526566670163472,2,2,6,39,1,0
717,1,0,0.52436664425532,2,4,8,33,1,0
718,0,0,0.552200000635783,1,3,3,36,2,0
719,0,0,0.603233325068156,3,1,9,37,3,1
720,0,1,0.52436664425532,2,4,8,33,1,1
721,0,0,0.554433295345306,2,4,8,48,4,1
722,0,1,0.548066697978973,4,4,16,23,2,0
723,0,0,0.571833309491475,3,1,9,34,3,1
724,0,0,0.548066697978973,1,4,4,23,2,1
725,0,1,0.537000003655752,3,2,10,14,2,1
726,0,1,0.566633343823751,1,4,4,7,1,1
727,0,0,0.526566670163472,3,2,10,39,1,0
728,0,0,0.548066697978973,1,4,4,23,2,1
729,0,1,0.594033358287811,4,4,16,44,3,0
730,0,1,0.523033343982697,3,1,9,11,3,1
731,0,1,0.611633290735881,3,2,10,10,3,1
732,0,0,0.611633290735881,1,3,3,10,3,1
733,0,1,0.602099974091848,2,2,6,17,2,1
734,0,1,0.501166654507319,2,2,6,21,1,1
735,0,1,0.602099974091848,1,4,4,17,2,1
736,0,1,0.548066697978973,4,2,14,23,2,1
737,0,0,0.537000003655752,2,4,8,14,2,1
738,0,0,0.582999997297923,2,4,8,25,3,0
739,0,1,0.534600032583872,1,4,4,8,1,0
740,0,1,0.611633290735881,1,2,2,10,3,0
741,0,0,0.611633290735881,3,2,10,10,3,0
742,0,0,0.543666702906291,1,4,4,5,4,0
743,0,0,0.52436664425532,1,3,3,33,1,0
744,0,1,0.489766651884715,2,3,7,22,1,1
745,0,1,0.611633290735881,2,3,7,10,3,1
746,0,0,0.584099987602234,3,2,10,19,3,1
747,0,0,0.613366670163472,1,4,4,3,4,1
748,0,0,0.608066638533274,2,4,8,47,3,0
749,0,1,0.544333343505859,2,2,6,38,4,0
750,0,1,0.529166691144307,2,4,8,18,3,1
751,0,1,0.572766618665059,3,2,10,41,3,1
752,0,1,0.527833360989889,3,2,10,50,2,1
753,0,1,0.547800015417735,3,4,12,32,4,1
754,1,1,0.608066638533274,3,2,10,47,3,1
755,0,0,0.582999997297923,1,4,4,25,3,1
756,0,1,0.657366662693024,3,1,9,13,4,0
757,0,1,0.548066697978973,4,1,13,23,2,0
758,0,0,0.552200000635783,1,4,4,36,2,0
759,0,0,0.594033358287811,2,4,8,44,3,1
760,0,0,0.52436664425532,1,1,1,33,1,1
761,0,0,0.489766651884715,2,3,7,22,1,1
762,0,1,0.523033343982697,3,4,12,11,3,1
763,0,0,0.554433295345306,2,2,6,48,4,0
764,0,1,0.581833334445953,3,2,10,15,2,1
765,0,0,0.584566701952616,1,3,3,6,4,1
766,0,0,0.552200000635783,2,3,7,36,2,1
767,0,0,0.523033343982697,2,3,7,11,3,0
768,0,0,0.543666702906291,1,2,2,5,4,0
769,0,1,0.594033358287811,2,4,8,44,3,1
770,0,1,0.543666702906291,2,2,6,5,4,0
771,0,1,0.537000003655752,2,3,7,14,2,0
772,0,0,0.52436664425532,2,2,6,33,1,0
773,0,1,0.543666702906291,2,2,6,5,4,1
774,0,1,0.608066638533274,1,4,4,47,3,0
775,0,1,0.584566701952616,4,3,15,6,4,0
776,0,1,0.552200000635783,1,4,4,36,2,1
777,1,1,0.594033358287811,3,2,10,44,3,0
778,0,0,0.611633290735881,2,4,8,10,3,0
779,0,1,0.52436664425532,3,4,12,33,1,0
780,0,1,0.493566658401489,3,3,11,49,1,0
781,0,0,0.526566670163472,2,4,8,39,1,0
782,1,1,0.603233325068156,2,2,6,37,3,0
783,0,1,0.554300017801921,4,2,14,43,3,1
784,0,0,0.505500021378199,3,2,10,24,2,0
785,1,0,0.584099987602234,3,1,9,19,3,0
786,0,1,0.529166691144307,3,3,11,18,3,1
787,0,0,0.533566686375936,3,3,11,26,2,1
788,0,0,0.505500021378199,2,2,6,24,2,1
789,0,1,0.52436664425532,3,3,11,33,1,0
790,0,1,0.526566670163472,1,3,3,39,1,1
791,1,1,0.52436664425532,2,2,6,33,1,1
792,0,1,0.571833309491475,3,1,9,34,3,1
793,0,1,0.608066638533274,1,2,2,47,3,1
794,0,0,0.52436664425532,1,2,2,33,1,1
795,0,0,0.613366670163472,2,4,8,3,4,1
796,1,1,0.523033343982697,1,4,4,11,3,0
797,0,1,0.543666702906291,2,2,6,5,4,1
798,0,1,0.572766618665059,3,1,9,41,3,1
799,0,1,0.554300017801921,1,2,2,43,3,1
800,0,1,0.52436664425532,2,3,7,33,1,0
801,0,0,0.489766651884715,2,3,7,22,1,1
802,0,1,0.564166665871938,1,4,4,31,1,1
803,0,0,0.554300017801921,3,3,11,43,3,1
804,0,1,0.611633290735881,3,2,10,10,3,1
805,1,1,0.554300017801921,1,2,2,43,3,1
806,0,0,0.523033343982697,2,2,6,11,3,1
807,0,1,0.584566701952616,1,3,3,6,4,0
808,1,1,0.52436664425532,1,3,3,33,1,0
809,0,1,0.584099987602234,1,4,4,19,3,0
810,0,0,0.632033331902822,1,2,2,30,1,1
811,0,0,0.572766618665059,2,2,6,41,3,1
812,0,1,0.552200000635783,2,2,6,36,2,1
813,0,0,0.526566670163472,3,2,10,39,1,1
814,0,0,0.549599981244405,2,2,6,20,1,0
815,0,1,0.571833309491475,3,2,10,34,3,0
816,0,1,0.537000003655752,3,2,10,14,2,0
817,0,0,0.584566701952616,2,4,8,6,4,0
818,0,0,0.537000003655752,3,4,12,14,2,1
819,0,1,0.554433295345306,1,3,3,48,4,0
820,0,1,0.543666702906291,2,2,6,5,4,1
821,0,0,0.554300017801921,2,3,7,43,3,1
822,0,0,0.523033343982697,2,3,7,11,3,1
823,0,0,0.548066697978973,3,4,12,23,2,1
824,1,1,0.564166665871938,1,2,2,31,1,1
825,0,0,0.489766651884715,1,4,4,22,1,0
826,0,0,0.543666702906291,2,2,6,5,4,0
827,0,1,0.543666702906291,2,4,8,5,4,1
828,0,0,0.611633290735881,2,3,7,10,3,1
829,0,0,0.594033358287811,1,3,3,44,3,1
830,0,0,0.526566670163472,1,4,4,39,1,0
831,0,0,0.52436664425532,4,2,14,33,1,0
832,0,1,0.572766618665059,4,3,15,41,3,1
833,0,0,0.548066697978973,1,4,4,23,2,0
834,0,0,0.608066638533274,2,4,8,47,3,0
835,0,1,0.526566670163472,3,3,11,39,1,1
836,0,1,0.529166691144307,3,2,10,18,3,1
837,0,0,0.526566670163472,1,2,2,39,1,1
838,1,1,0.52436664425532,1,3,3,33,1,0
839,0,1,0.572766618665059,2,4,8,41,3,0
840,0,0,0.608066638533274,1,3,3,47,3,0
841,0,0,0.543666702906291,2,1,5,5,4,1
842,0,1,0.613366670163472,2,2,6,3,4,1
843,0,0,0.614366671593984,2,4,8,35,2,1
844,0,1,0.52436664425532,2,3,7,33,1,1
845,0,0,0.529166691144307,2,4,8,18,3,1
846,0,1,0.543666702906291,2,3,7,5,4,1
847,0,1,0.611633290735881,2,3,7,10,3,1
848,0,0,0.611633290735881,2,3,7,10,3,1
849,0,1,0.565133328723908,2,4,8,1,3,1
850,0,0,0.552200000635783,3,4,12,36,2,1
851,0,1,0.594033358287811,2,4,8,44,3,0
852,0,0,0.594033358287811,3,2,10,44,3,0
853,0,1,0.544333343505859,1,1,1,38,4,0
854,0,1,0.52436664425532,2,4,8,33,1,0
855,0,1,0.543666702906291,4,2,14,5,4,0
856,1,1,0.594033358287811,2,3,7,44,3,0
857,0,0,0.554433295345306,1,2,2,48,4,0
858,1,1,0.572766618665059,2,3,7,41,3,0
859,0,1,0.52436664425532,2,4,8,33,1,0
860,0,0,0.524800026067098,2,2,6,16,2,0
861,0,1,0.543666702906291,1,2,2,5,4,0
862,0,1,0.594033358287811,2,3,7,44,3,0
863,0,1,0.611633290735881,1,3,3,10,3,0
864,0,0,0.526566670163472,1,2,2,39,1,1
865,0,0,0.611633290735881,2,4,8,10,3,1
866,0,0,0.52436664425532,2,4,8,33,1,1
867,0,0,0.611633290735881,3,2,10,10,3,0
868,0,0,0.565133328723908,1,2,2,1,3,1
869,0,1,0.572766618665059,3,1,9,41,3,1
870,0,0,0.564166665871938,2,4,8,31,1,1
871,0,1,0.554300017801921,2,2,6,43,3,0
872,0,1,0.554300017801921,2,1,5,43,3,1
873,0,0,0.552200000635783,2,3,7,36,2,0
874,0,1,0.52436664425532,1,1,1,33,1,0
875,0,0,0.581833334445953,2,2,6,15,2,1
876,0,1,0.594033358287811,2,2,6,44,3,1
877,0,0,0.552200000635783,1,2,2,36,2,1
878,0,0,0.611633290735881,3,2,10,10,3,1
879,0,0,0.478700007629395,3,3,11,40,1,0
880,0,1,0.554300017801921,4,1,13,43,3,0
881,0,0,0.543666702906291,2,4,8,5,4,1
882,0,1,0.543666702906291,4,3,15,5,4,0
883,0,1,0.565133328723908,2,3,7,1,3,0
884,0,0,0.478700007629395,1,3,3,40,1,1
885,0,1,0.611633290735881,4,2,14,10,3,1
886,0,1,0.537000003655752,2,4,8,14,2,0
887,0,1,0.554433295345306,2,3,7,48,4,1
888,0,1,0.526566670163472,1,2,2,39,1,1
889,0,1,0.564166665871938,3,4,12,31,1,0
890,0,0,0.493566658401489,2,3,7,49,1,0
891,0,0,0.594033358287811,3,3,11,44,3,1
892,1,0,0.523033343982697,2,2,6,11,3,0
893,0,0,0.552200000635783,2,4,8,36,2,1
894,0,1,0.537000003655752,2,1,5,14,2,0
895,0,1,0.611633290735881,4,2,14,10,3,0
896,0,0,0.543666702906291,2,4,8,5,4,0
897,1,0,0.52436664425532,1,4,4,33,1,0
898,0,1,0.537000003655752,1,4,4,14,2,0
899,0,0,0.489766651884715,2,2,6,22,1,0
900,0,1,0.52436664425532,2,2,6,33,1,0
901,0,0,0.566633343823751,2,4,8,7,1,1
902,1,1,0.548066697978973,1,2,2,23,2,0
903,0,1,0.523033343982697,1,2,2,11,3,1
904,0,1,0.52436664425532,4,2,14,33,1,1
905,0,0,0.552200000635783,3,3,11,36,2,0
906,0,0,0.489766651884715,1,1,1,22,1,0
907,0,1,0.537000003655752,2,2,6,14,2,0
908,0,1,0.548066697978973,3,3,11,23,2,0
909,0,1,0.523033343982697,2,1,5,11,3,1
910,0,1,0.594033358287811,1,3,3,44,3,1
911,0,1,0.552200000635783,1,2,2,36,2,1
912,0,1,0.564166665871938,2,3,7,31,1,0
913,0,1,0.552200000635783,3,3,11,36,2,1
914,0,1,0.52436664425532,3,3,11,33,1,0
915,0,1,0.52436664425532,4,4,16,33,1,0
916,0,1,0.543666702906291,3,4,12,5,4,0
917,0,0,0.501166654507319,2,2,6,21,1,0
918,0,1,0.564166665871938,1,4,4,31,1,1
919,1,1,0.548066697978973,2,3,7,23,2,0
920,0,1,0.549599981244405,4,4,16,20,1,0
921,1,1,0.594033358287811,1,3,3,44,3,0
922,0,0,0.544333343505859,4,1,13,38,4,1
923,0,0,0.566633343823751,3,2,10,7,1,0
924,0,0,0.584566701952616,3,4,12,6,4,1
925,0,0,0.543666702906291,4,1,13,5,4,0
926,0,1,0.565133328723908,4,2,14,1,3,1
927,0,1,0.543666702906291,2,3,7,5,4,0
928,0,1,0.594033358287811,2,2,6,44,3,0
929,0,1,0.526566670163472,3,4,12,39,1,0
930,0,0,0.564166665871938,1,2,2,31,1,1
931,0,0,0.489766651884715,1,4,4,22,1,1
932,0,1,0.564166665871938,2,4,8,31,1,0
933,0,0,0.524800026067098,2,4,8,16,2,0
934,0,1,0.611633290735881,4,1,13,10,3,0
935,1,1,0.584566701952616,3,4,12,6,4,0
936,0,1,0.603233325068156,2,1,5,37,3,0
937,0,1,0.537000003655752,4,2,14,14,2,1
938,0,1,0.543666702906291,2,2,6,5,4,1
939,0,0,0.554433295345306,4,2,14,48,4,1
940,0,1,0.603233325068156,1,3,3,37,3,1
941,0,1,0.552200000635783,3,3,11,36,2,1
942,1,0,0.501166654507319,3,2,10,21,1,0
943,0,1,0.543666702906291,2,3,7,5,4,1
944,0,1,0.543666702906291,4,1,13,5,4,0
945,0,0,0.501166654507319,1,3,3,21,1,0
946,0,0,0.543666702906291,3,4,12,5,4,0
947,0,1,0.594033358287811,2,2,6,44,3,1
948,0,1,0.544333343505859,3,2,10,38,4,1
949,0,1,0.537000003655752,2,2,6,14,2,0
950,0,0,0.611633290735881,1,4,4,10,3,0
951,0,0,0.543666702906291,2,2,6,5,4,1
952,1,1,0.611633290735881,4,1,13,10,3,0
953,0,0,0.489766651884715,4,2,14,22,1,0
954,0,0,0.489766651884715,2,4,8,22,1,1
955,0,0,0.526566670163472,2,2,6,39,1,1
956,0,1,0.571833309491475,2,2,6,34,3,0
957,0,1,0.52436664425532,1,2,2,33,1,1
958,0,1,0.526566670163472,1,4,4,39,1,1
959,0,1,0.611633290735881,3,2,10,10,3,1
960,0,0,0.52436664425532,3,4,12,33,1,0
961,1,1,0.594033358287811,2,2,6,44,3,0
962,1,1,0.582999997297923,3,1,9,25,3,0
963,0,0,0.543666702906291,3,2,10,5,4,1
964,0,0,0.554433295345306,3,4,12,48,4,1
965,0,1,0.611633290735881,4,2,14,10,3,1
966,0,1,0.552200000635783,4,1,13,36,2,1
967,0,0,0.478700007629395,3,3,11,40,1,1
968,0,1,0.613366670163472,3,3,11,3,4,1
969,0,0,0.613366670163472,3,3,11,3,4,1
970,0,0,0.552200000635783,2,2,6,36,2,1
971,1,1,0.543666702906291,4,2,14,5,4,1
972,0,0,0.571833309491475,2,4,8,34,3,1
973,0,0,0.611633290735881,4,1,13,10,3,1
974,0,0,0.584099987602234,3,2,10,19,3,1
975,0,0,0.543666702906291,4,1,13,5,4,0
976,0,1,0.505500021378199,2,3,7,24,2,1
977,0,0,0.665466688283284,4,1,13,28,2,0
978,0,1,0.565133328723908,4,1,13,1,3,0
979,0,1,0.554300017801921,1,2,2,43,3,1
980,0,0,0.544333343505859,4,1,13,38,4,0
981,0,1,0.543666702906291,3,4,12,5,4,1
982,0,1,0.543666702906291,3,4,12,5,4,1
983,0,0,0.526566670163472,3,2,10,39,1,0
984,0,1,0.52436664425532,2,4,8,33,1,1
985,0,1,0.594033358287811,4,1,13,44,3,0
986,0,1,0.571833309491475,3,2,10,34,3,1
987,0,0,0.611633290735881,4,3,15,10,3,0
988,1,1,0.608066638533274,2,4,8,47,3,0
989,0,0,0.608066638533274,3,2,10,47,3,1
990,0,0,0.543666702906291,2,3,7,5,4,0
991,0,1,0.594033358287811,3,3,11,44,3,1
992,0,1,0.584099987602234,4,3,15,19,3,1
993,0,1,0.529166691144307,3,1,9,18,3,0
994,0,1,0.552200000635783,3,2,10,36,2,0
995,0,1,0.552200000635783,3,2,10,36,2,1
996,0,0,0.529166691144307,1,2,2,18,3,0
997,0,1,0.552200000635783,2,4,8,36,2,0
998,0,1,0.611633290735881,4,1,13,10,3,0
999,0,0,0.602099974091848,2,4,8,17,2,1
1000,0,1,0.526566670163472,3,2,10,39,1,1
1001,1,1,0.526566670163472,2,3,7,39,1,0
1002,0,0,0.523033343982697,2,2,6,11,3,1
1003,0,0,0.554433295345306,2,2,6,48,4,1
1004,0,1,0.554433295345306,2,3,7,48,4,0
1005,0,0,0.657366662693024,2,4,8,13,4,1
1006,0,1,0.543666702906291,2,4,8,5,4,0
1007,0,1,0.548066697978973,1,2,2,23,2,0
1008,0,0,0.552200000635783,3,3,11,36,2,0
1009,0,0,0.611633290735881,4,4,16,10,3,1
1010,0,0,0.52436664425532,4,2,14,33,1,1
1011,0,1,0.527833360989889,1,2,2,50,2,1
1012,0,0,0.554300017801921,2,4,8,43,3,1
1013,0,1,0.548066697978973,3,2,10,23,2,0
1014,0,1,0.552200000635783,3,2,10,36,2,0
1015,0,0,0.523033343982697,2,4,8,11,3,1
1016,1,1,0.527833360989889,2,4,8,50,2,0
1017,0,0,0.505500021378199,2,2,6,24,2,0
1018,0,0,0.489766651884715,1,4,4,22,1,0
1019,0,1,0.537000003655752,2,4,8,14,2,1
1020,0,1,0.602099974091848,4,2,14,17,2,0
1021,0,1,0.52436664425532,2,4,8,33,1,0
1022,0,0,0.581833334445953,1,1,1,15,2,0
1023,0,0,0.614366671593984,2,2,6,35,2,0
1024,0,0,0.584099987602234,2,4,8,19,3,0
1025,0,1,0.52436664425532,1,3,3,33,1,0
1026,0,0,0.543666702906291,1,2,2,5,4,0
1027,0,1,0.527833360989889,1,3,3,50,2,0
1028,0,0,0.543666702906291,1,3,3,5,4,1
1029,0,1,0.611633290735881,3,2,10,10,3,0
1030,0,1,0.537000003655752,2,2,6,14,2,0
1031,1,1,0.533566686375936,1,2,2,26,2,0
1032,0,0,0.552200000635783,2,3,7,36,2,1
1033,0,1,0.537000003655752,4,4,16,14,2,1
1034,0,1,0.493566658401489,1,4,4,49,1,0
1035,0,1,0.564166665871938,1,2,2,31,1,1
1036,0,1,0.526566670163472,3,2,10,39,1,1
1037,0,1,0.594033358287811,2,3,7,44,3,1
1038,0,0,0.501166654507319,3,4,12,21,1,1
1039,0,1,0.611633290735881,4,4,16,10,3,1
1040,0,0,0.565133328723908,2,2,6,1,3,1
1041,0,0,0.611633290735881,1,2,2,10,3,1
1042,0,1,0.608066638533274,3,4,12,47,3,1
1043,0,0,0.611633290735881,4,2,14,10,3,1
1044,0,1,0.554300017801921,2,1,5,43,3,1
1045,1,1,0.523033343982697,2,2,6,11,3,0
1046,0,1,0.611633290735881,2,4,8,10,3,1
1047,0,0,0.565133328723908,4,1,13,1,3,1
1048,0,1,0.52436664425532,2,2,6,33,1,1
1049,0,1,0.611633290735881,4,2,14,10,3,1
1050,0,1,0.501166654507319,4,1,13,21,1,0
1051,0,1,0.565133328723908,3,1,9,1,3,1
1052,0,0,0.594033358287811,3,2,10,44,3,0
1053,0,0,0.501166654507319,2,4,8,21,1,0
1054,0,1,0.608066638533274,4,4,16,47,3,1
1055,1,1,0.571833309491475,3,1,9,34,3,0
1056,0,0,0.52436664425532,1,4,4,33,1,0
1057,0,1,0.608066638533274,3,2,10,47,3,1
1058,0,0,0.526566670163472,2,4,8,39,1,1
1059,0,1,0.529166691144307,2,1,5,18,3,1
1060,0,1,0.608066638533274,4,3,15,47,3,1
1061,0,0,0.594033358287811,2,4,8,44,3,1
1062,0,0,0.572766618665059,2,4,8,41,3,0
1063,0,1,0.608066638533274,3,4,12,47,3,1
1064,0,0,0.533566686375936,4,2,14,26,2,0
1065,0,1,0.611633290735881,1,4,4,10,3,1
1066,0,1,0.594033358287811,2,3,7,44,3,1
1067,0,1,0.611633290735881,4,3,15,10,3,1
1068,0,0,0.554300017801921,3,2,10,43,3,1
1069,0,0,0.493566658401489,1,2,2,49,1,1
1070,0,0,0.608066638533274,1,3,3,47,3,1
1071,0,1,0.572766618665059,2,2,6,41,3,1
1072,0,1,0.529166691144307,3,4,12,18,3,0
1073,0,1,0.611633290735881,3,2,10,10,3,0
1074,0,1,0.599733334604899,1,4,4,42,2,1
1075,0,0,0.489766651884715,4,1,13,22,1,0
1076,0,1,0.608066638533274,4,4,16,47,3,1
1077,1,1,0.501166654507319,3,2,10,21,1,0
1078,0,1,0.566633343823751,3,3,11,7,1,1
1079,1,1,0.572766618665059,3,1,9,41,3,1
1080,0,0,0.611633290735881,2,2,6,10,3,1
1081,0,1,0.501166654507319,4,2,14,21,1,1
1082,0,1,0.564166665871938,2,4,8,31,1,1
1083,0,0,0.523033343982697,3,3,11,11,3,0
1084,0,1,0.602099974091848,3,4,12,17,2,1
1085,0,0,0.571833309491475,1,1,1,34,3,1
1086,0,1,0.523033343982697,2,3,7,11,3,1
1087,1,1,0.594033358287811,2,2,6,44,3,0
1088,1,0,0.572766618665059,2,4,8,41,3,0
1089,1,0,0.501166654507319,4,1,13,21,1,0
1090,0,1,0.533566686375936,2,2,6,26,2,1
1091,0,1,0.52436664425532,1,3,3,33,1,1
1092,0,1,0.564166665871938,2,2,6,31,1,1
1093,0,1,0.52436664425532,2,4,8,33,1,0
1094,0,0,0.539733344459534,4,1,13,4,3,0
1095,0,1,0.52436664425532,2,4,8,33,1,0
1096,0,0,0.527833360989889,2,1,5,50,2,1
1097,0,1,0.564166665871938,1,4,4,31,1,0
1098,0,1,0.524800026067098,2,3,7,16,2,0
1099,0,0,0.611633290735881,2,4,8,10,3,1
1100,0,0,0.554433295345306,3,2,10,48,4,1
1101,0,0,0.52436664425532,2,4,8,33,1,1
1102,0,1,0.564166665871938,2,4,8,31,1,1
1103,0,0,0.52436664425532,2,3,7,33,1,0
1104,0,1,0.582999997297923,1,4,4,25,3,0
1105,0,0,0.539733344459534,3,3,11,4,3,0
1106,1,0,0.52436664425532,3,1,9,33,1,0
1107,0,0,0.505500021378199,3,2,10,24,2,0
1108,0,1,0.552200000635783,3,2,10,36,2,0
1109,0,0,0.608066638533274,2,4,8,47,3,1
1110,0,1,0.566633343823751,1,4,4,7,1,1
1111,0,1,0.52436664425532,1,2,2,33,1,1
1112,0,1,0.52436664425532,4,3,15,33,1,1
1113,0,0,0.611633290735881,1,2,2,10,3,1
1114,0,1,0.527833360989889,3,3,11,50,2,1
1115,0,0,0.493566658401489,3,1,9,49,1,1
1116,0,0,0.603233325068156,1,1,1,37,3,1
1117,0,0,0.52436664425532,4,2,14,33,1,0
1118,0,1,0.526566670163472,3,2,10,39,1,0
1119,1,1,0.608066638533274,4,1,13,47,3,0
1120,0,1,0.52436664425532,4,2,14,33,1,1
1121,0,0,0.52436664425532,4,2,14,33,1,0
1122,0,1,0.594033358287811,2,1,5,44,3,0
1123,0,1,0.543666702906291,2,3,7,5,4,0
1124,0,1,0.552200000635783,3,1,9,36,2,0
1125,0,0,0.526566670163472,2,4,8,39,1,1
1126,0,1,0.594033358287811,2,4,8,44,3,0
1127,0,0,0.505500021378199,4,3,15,24,2,1
1128,0,1,0.611633290735881,3,4,12,10,3,1
1129,0,1,0.572766618665059,4,3,15,41,3,1
1130,0,1,0.52436664425532,1,2,2,33,1,1
1131,0,1,0.52436664425532,1,2,2,33,1,1
1132,0,1,0.501166654507319,2,3,7,21,1,0
1133,0,1,0.52436664425532,2,2,6,33,1,1
1134,0,0,0.527833360989889,2,3,7,50,2,1
1135,0,1,0.552200000635783,3,2,10,36,2,1
1136,0,0,0.52436664425532,4,4,16,33,1,1
1137,0,1,0.524800026067098,1,1,1,16,2,1
1138,0,1,0.526566670163472,2,1,5,39,1,1
1139,0,0,0.608066638533274,2,4,8,47,3,1
1140,0,1,0.594033358287811,3,4,12,44,3,0
1141,0,0,0.489766651884715,1,4,4,22,1,1
1142,0,0,0.533566686375936,2,2,6,26,2,0
1143,0,1,0.489766651884715,2,4,8,22,1,0
1144,0,1,0.611633290735881,4,2,14,10,3,0
1145,0,1,0.493566658401489,3,2,10,49,1,0
1146,0,1,0.527833360989889,2,4,8,50,2,0
1147,0,0,0.614366671593984,2,4,8,35,2,0
1148,0,0,0.489766651884715,2,2,6,22,1,1
1149,0,1,0.523033343982697,4,2,14,11,3,1
1150,0,0,0.552200000635783,2,2,6,36,2,1
1151,0,1,0.564166665871938,3,2,10,31,1,1
1152,0,1,0.565133328723908,1,3,3,1,3,1
1153,0,1,0.552200000635783,1,2,2,36,2,1
1154,0,1,0.552200000635783,4,1,13,36,2,0
1155,1,1,0.505500021378199,1,1,1,24,2,0
1156,0,1,0.527833360989889,1,2,2,50,2,0
1157,1,1,0.564166665871938,1,2,2,31,1,0
1158,0,1,0.611633290735881,1,1,1,10,3,0
1159,1,1,0.564166665871938,3,2,10,31,1,0
1160,0,1,0.537000003655752,4,4,16,14,2,1
1161,0,1,0.548066697978973,3,2,10,23,2,1
1162,0,1,0.665466688283284,2,4,8,28,2,1
1163,0,1,0.489766651884715,2,4,8,22,1,0
1164,0,1,0.489766651884715,3,3,11,22,1,1
1165,0,1,0.548066697978973,2,3,7,23,2,0
1166,0,0,0.548066697978973,1,2,2,23,2,1
1167,0,1,0.537000003655752,4,4,16,14,2,0
1168,0,0,0.665466688283284,2,4,8,28,2,0
1169,0,1,0.594033358287811,1,2,2,44,3,0
1170,0,1,0.566633343823751,3,2,10,7,1,1
1171,0,1,0.52436664425532,2,2,6,33,1,0
1172,0,1,0.603233325068156,1,2,2,37,3,1
1173,0,1,0.581833334445953,1,3,3,15,2,1
1174,0,1,0.552200000635783,4,1,13,36,2,0
1175,0,1,0.584099987602234,3,2,10,19,3,1
1176,0,1,0.524800026067098,1,4,4,16,2,1
1177,0,0,0.52436664425532,2,1,5,33,1,1
1178,0,1,0.543666702906291,3,3,11,5,4,0
1179,0,0,0.543666702906291,4,3,15,5,4,1
1180,0,1,0.554433295345306,1,2,2,48,4,1
1181,0,0,0.552200000635783,3,1,9,36,2,1
1182,0,0,0.543666702906291,4,1,13,5,4,1
1183,1,1,0.572766618665059,3,2,10,41,3,1
1184,0,1,0.548066697978973,4,2,14,23,2,1
1185,0,1,0.692699998092651,3,2,10,45,4,1
1186,0,0,0.594033358287811,2,2,6,44,3,0
1187,0,0,0.552200000635783,3,4,12,36,2,1
1188,0,1,0.613366670163472,4,2,14,3,4,1
1189,0,1,0.543666702906291,2,3,7,5,4,1
1190,0,1,0.543666702906291,3,2,10,5,4,1
1191,0,1,0.613366670163472,4,3,15,3,4,1
1192,0,0,0.547800015417735,2,4,8,32,4,0
1193,1,0,0.537000003655752,1,4,4,14,2,0
1194,0,1,0.565133328723908,1,4,4,1,3,1
1195,0,1,0.692699998092651,2,4,8,45,4,1
1196,0,0,0.527833360989889,4,3,15,50,2,1
1197,0,0,0.533566686375936,1,2,2,26,2,1
1198,0,1,0.608066638533274,4,3,15,47,3,1
1199,1,1,0.152999997138977,2,3,7,9,5,0
1200,0,1,0.543666702906291,1,2,2,5,4,0
1201,0,0,0.52436664425532,1,4,4,33,1,0
1202,0,1,0.594033358287811,2,2,6,44,3,0
1203,0,0,0.613366670163472,1,2,2,3,4,0
1204,0,1,0.548066697978973,3,3,11,23,2,0
1205,0,1,0.665466688283284,1,3,3,28,2,1
1206,1,1,0.533566686375936,3,2,10,26,2,0
1207,0,1,0.613366670163472,3,4,12,3,4,0
1208,0,0,0.543666702906291,2,4,8,5,4,0
1209,0,0,0.608066638533274,2,3,7,47,3,1
1210,0,1,0.505500021378199,2,2,6,24,2,1
1211,0,1,0.548066697978973,1,1,1,23,2,1
1212,0,1,0.543666702906291,2,4,8,5,4,1
1213,0,1,0.543666702906291,1,4,4,5,4,1
1214,0,1,0.524800026067098,3,3,11,16,2,1
1215,0,1,0.554433295345306,4,4,16,48,4,1
1216,0,0,0.552200000635783,2,4,8,36,2,1
1217,0,1,0.526566670163472,2,4,8,39,1,1
1218,0,0,0.554433295345306,2,2,6,48,4,0
1219,0,1,0.611633290735881,1,4,4,10,3,0
1220,0,0,0.52436664425532,3,1,9,33,1,1
1221,0,1,0.611633290735881,4,3,15,10,3,0
1222,0,1,0.611633290735881,1,2,2,10,3,1
1223,0,1,0.548066697978973,1,2,2,23,2,1
1224,0,1,0.565133328723908,2,2,6,1,3,1
1225,0,0,0.570766682402293,2,3,7,27,4,1
1226,0,0,0.581833334445953,3,2,10,15,2,0
1227,0,0,0.548066697978973,3,2,10,23,2,1
1228,1,1,0.552200000635783,1,4,4,36,2,0
1229,0,1,0.581833334445953,2,2,6,15,2,1
1230,0,0,0.584566701952616,2,4,8,6,4,0
1231,0,0,0.543666702906291,1,1,1,5,4,0
1232,0,0,0.526566670163472,4,1,13,39,1,0
1233,0,1,0.52436664425532,3,2,10,33,1,1
1234,0,0,0.692699998092651,1,4,4,45,4,1
1235,0,0,0.543666702906291,2,4,8,5,4,1
1236,0,0,0.543666702906291,2,2,6,5,4,1
1237,0,0,0.584566701952616,1,2,2,6,4,1
1238,0,1,0.537000003655752,3,3,11,14,2,0
1239,0,0,0.527833360989889,2,2,6,50,2,0
1240,0,0,0.552200000635783,2,3,7,36,2,0
1241,0,1,0.543666702906291,3,2,10,5,4,0
1242,0,1,0.52436664425532,1,4,4,33,1,1
1243,0,1,0.582999997297923,3,4,12,25,3,1
1244,0,0,0.543666702906291,1,4,4,5,4,1
1245,0,1,0.584566701952616,3,2,10,6,4,0
1246,0,0,0.534600032583872,3,2,10,8,1,1
1247,0,1,0.554300017801921,3,3,11,43,3,1
1248,0,0,0.564166665871938,1,2,2,31,1,0
1249,0,0,0.489766651884715,2,4,8,22,1,0
1250,0,1,0.52436664425532,3,3,11,33,1,1
1251,0,0,0.505500021378199,2,3,7,24,2,0
1252,1,1,0.501166654507319,2,4,8,21,1,0
1253,0,0,0.543666702906291,4,4,16,5,4,0
1254,0,1,0.572766618665059,4,1,13,41,3,0
1255,0,0,0.554433295345306,2,2,6,48,4,0
1256,0,0,0.611633290735881,3,4,12,10,3,1
1257,0,1,0.543666702906291,2,3,7,5,4,0
1258,0,0,0.493566658401489,2,2,6,49,1,1
1259,0,1,0.543666702906291,1,3,3,5,4,1
1260,0,1,0.594033358287811,3,1,9,44,3,1
1261,1,1,0.543666702906291,1,2,2,5,4,1
1262,0,1,0.594033358287811,1,3,3,44,3,1
1263,0,1,0.523033343982697,1,4,4,11,3,1
1264,0,1,0.526566670163472,4,2,14,39,1,1
1265,0,0,0.52436664425532,1,3,3,33,1,0
1266,0,1,0.581833334445953,1,1,1,15,2,0
1267,0,1,0.505500021378199,1,3,3,24,2,0
1268,0,0,0.505500021378199,2,4,8,24,2,1
1269,0,0,0.549599981244405,1,2,2,20,1,1
1270,0,1,0.594033358287811,3,4,12,44,3,0
1271,0,0,0.52436664425532,4,1,13,33,1,0
1272,0,1,0.547800015417735,2,1,5,32,4,0
1273,0,0,0.543666702906291,1,1,1,5,4,1
1274,0,0,0.52436664425532,1,2,2,33,1,1
1275,0,0,0.594033358287811,2,4,8,44,3,1
1276,0,1,0.548066697978973,3,2,10,23,2,0
1277,0,1,0.52436664425532,2,4,8,33,1,0
1278,0,1,0.544333343505859,4,4,16,38,4,1
1279,0,0,0.543666702906291,3,4,12,5,4,1
1280,0,1,0.602099974091848,2,2,6,17,2,0
1281,0,1,0.584099987602234,2,2,6,19,3,1
1282,0,1,0.571833309491475,2,1,5,34,3,1
1283,0,0,0.524800026067098,4,2,14,16,2,1
1284,0,1,0.565133328723908,3,4,12,1,3,0
1285,0,1,0.603233325068156,2,2,6,37,3,0
1286,0,1,0.526566670163472,1,3,3,39,1,0
1287,0,0,0.564166665871938,3,4,12,31,1,1
1288,0,0,0.524800026067098,3,3,11,16,2,0
1289,0,1,0.552200000635783,2,1,5,36,2,0
1290,0,0,0.526566670163472,2,4,8,39,1,1
1291,1,1,0.584099987602234,2,2,6,19,3,0
1292,0,0,0.529166691144307,1,2,2,18,3,0
1293,0,1,0.572766618665059,4,4,16,41,3,1
1294,0,0,0.526566670163472,1,4,4,39,1,0
1295,0,1,0.548066697978973,2,2,6,23,2,0
1296,0,1,0.566633343823751,2,4,8,7,1,0
1297,0,1,0.554433295345306,1,2,2,48,4,0
1298,0,0,0.571833309491475,2,3,7,34,3,1
1299,0,1,0.52436664425532,3,4,12,33,1,0
1300,0,0,0.539733344459534,2,2,6,4,3,1
1301,0,1,0.566633343823751,1,4,4,7,1,1
1302,0,0,0.52436664425532,2,4,8,33,1,1
1303,0,1,0.537000003655752,2,2,6,14,2,1
1304,0,1,0.611633290735881,2,3,7,10,3,0
1305,0,1,0.594033358287811,4,4,16,44,3,1
1306,0,1,0.554433295345306,4,3,15,48,4,1
1307,0,0,0.537000003655752,3,4,12,14,2,0
1308,0,1,0.543666702906291,2,4,8,5,4,1
1309,0,1,0.657366662693024,2,2,6,13,4,0
1310,0,0,0.554300017801921,3,4,12,43,3,1
1311,0,0,0.526566670163472,4,2,14,39,1,1
1312,0,1,0.547800015417735,3,2,10,32,4,0
1313,0,1,0.608066638533274,1,3,3,47,3,1
1314,0,0,0.552200000635783,2,2,6,36,2,1
1315,0,0,0.52436664425532,1,4,4,33,1,0
1316,0,1,0.632033331902822,2,2,6,30,1,1
1317,0,0,0.529166691144307,1,3,3,18,3,1
1318,0,0,0.52436664425532,1,2,2,33,1,1
1319,0,0,0.533566686375936,3,3,11,26,2,1
1320,0,1,0.543666702906291,1,2,2,5,4,1
1321,1,1,0.543666702906291,2,4,8,5,4,0
1322,0,1,0.489766651884715,4,3,15,22,1,0
1323,0,1,0.549599981244405,1,4,4,20,1,0
1324,0,0,0.548066697978973,2,4,8,23,2,1
1325,0,0,0.537000003655752,2,3,7,14,2,0
1326,0,1,0.537000003655752,2,2,6,14,2,1
1327,0,0,0.608066638533274,1,4,4,47,3,0
1328,0,1,0.552200000635783,1,2,2,36,2,0
1329,0,1,0.552200000635783,2,3,7,36,2,1
1330,0,1,0.582999997297923,2,4,8,25,3,1
1331,0,0,0.594033358287811,4,1,13,44,3,1
1332,0,1,0.537000003655752,4,2,14,14,2,0
1333,0,1,0.526566670163472,1,2,2,39,1,0
1334,0,1,0.52436664425532,1,4,4,33,1,0
1335,0,1,0.544333343505859,2,2,6,38,4,0
1336,0,1,0.524800026067098,3,1,9,16,2,0
1337,0,0,0.554433295345306,3,3,11,48,4,0
1338,0,1,0.527833360989889,1,2,2,50,2,1
1339,0,1,0.526566670163472,3,2,10,39,1,1
1340,0,1,0.52436664425532,2,2,6,33,1,0
1341,0,1,0.527833360989889,2,2,6,50,2,0
1342,0,0,0.571833309491475,3,2,10,34,3,1
1343,0,1,0.548066697978973,2,3,7,23,2,1
1344,0,0,0.533566686375936,1,2,2,26,2,1
1345,0,1,0.584566701952616,1,4,4,6,4,0
1346,0,0,0.581833334445953,1,3,3,15,2,1
1347,0,0,0.537000003655752,3,4,12,14,2,0
1348,0,1,0.564166665871938,2,4,8,31,1,0
1349,0,1,0.611633290735881,3,3,11,10,3,0
1350,0,1,0.523033343982697,3,2,10,11,3,1
1351,0,1,0.552200000635783,2,3,7,36,2,0
1352,0,1,0.52436664425532,4,4,16,33,1,0
1353,0,1,0.533566686375936,3,2,10,26,2,0
1354,1,0,0.552200000635783,4,1,13,36,2,0
1355,0,1,0.543666702906291,2,3,7,5,4,1
1356,0,1,0.611633290735881,2,2,6,10,3,1
1357,0,1,0.613366670163472,3,4,12,3,4,1
1358,0,1,0.599733334604899,2,2,6,42,2,0
1359,1,0,0.611633290735881,3,2,10,10,3,0
1360,0,1,0.581833334445953,2,4,8,15,2,1
1361,0,0,0.572766618665059,3,4,12,41,3,1
1362,0,1,0.665466688283284,4,2,14,28,2,1
1363,0,0,0.489766651884715,2,4,8,22,1,0
1364,0,0,0.613366670163472,3,2,10,3,4,1
1365,0,1,0.552200000635783,3,4,12,36,2,1
1366,0,1,0.501166654507319,1,2,2,21,1,1
1367,0,0,0.554300017801921,3,2,10,43,3,1
1368,0,1,0.526566670163472,2,2,6,39,1,1
1369,0,1,0.534600032583872,3,3,11,8,1,0
1370,0,1,0.543666702906291,2,2,6,5,4,1
1371,0,1,0.524800026067098,1,2,2,16,2,0
1372,0,0,0.505500021378199,3,2,10,24,2,0
1373,0,1,0.571833309491475,1,3,3,34,3,0
1374,0,1,0.552200000635783,1,2,2,36,2,0
1375,0,1,0.611633290735881,4,2,14,10,3,0
1376,0,1,0.505500021378199,2,4,8,24,2,0
1377,0,1,0.554433295345306,1,4,4,48,4,1
1378,0,1,0.543666702906291,2,4,8,5,4,0
1379,0,1,0.505500021378199,1,2,2,24,2,0
1380,0,1,0.584566701952616,1,2,2,6,4,0
1381,0,1,0.52436664425532,2,1,5,33,1,1
1382,0,0,0.611633290735881,2,4,8,10,3,0
1383,0,0,0.613366670163472,4,4,16,3,4,1
1384,0,0,0.543666702906291,2,4,8,5,4,0
1385,0,0,0.614366671593984,2,3,7,35,2,1
1386,0,1,0.581833334445953,3,4,12,15,2,1
1387,0,0,0.543666702906291,1,4,4,5,4,1
1388,0,1,0.543666702906291,2,1,5,5,4,1
1389,0,1,0.570766682402293,2,2,6,27,4,0
1390,0,0,0.493566658401489,1,2,2,49,1,1
1391,0,0,0.533566686375936,2,4,8,26,2,1
1392,0,1,0.543666702906291,1,4,4,5,4,1
1393,0,0,0.554433295345306,2,3,7,48,4,1
1394,0,0,0.665466688283284,4,2,14,28,2,0
1395,0,1,0.543666702906291,2,3,7,5,4,1
1396,0,1,0.543666702906291,2,4,8,5,4,1
1397,0,0,0.602099974091848,1,3,3,17,2,1
1398,0,0,0.554433295345306,1,3,3,48,4,1
1399,0,1,0.537000003655752,3,2,10,14,2,0
1400,0,0,0.554433295345306,2,2,6,48,4,1
1401,0,0,0.52436664425532,2,4,8,33,1,0
1402,0,1,0.665466688283284,2,4,8,28,2,0
1403,0,0,0.543666702906291,1,2,2,5,4,0
1404,0,1,0.543666702906291,3,2,10,5,4,1
1405,0,1,0.554433295345306,2,3,7,48,4,1
1406,0,1,0.543666702906291,1,2,2,5,4,0
1407,0,1,0.543666702906291,1,3,3,5,4,0
1408,0,0,0.599733334604899,2,2,6,42,2,0
1409,0,0,0.543666702906291,4,1,13,5,4,0
1410,0,1,0.543666702906291,4,1,13,5,4,0
1411,0,0,0.554433295345306,1,3,3,48,4,0
1412,0,0,0.527833360989889,1,2,2,50,2,0
1413,0,0,0.543666702906291,3,3,11,5,4,0
1414,0,0,0.543666702906291,2,4,8,5,4,0
1415,0,1,0.547800015417735,2,4,8,32,4,0
1416,0,0,0.543666702906291,2,4,8,5,4,1
1417,0,1,0.554433295345306,3,2,10,48,4,0
1418,1,0,0.543666702906291,2,2,6,5,4,0
1419,0,1,0.547800015417735,3,4,12,32,4,1
1420,0,0,0.613366670163472,1,4,4,3,4,1
1421,0,1,0.547800015417735,3,4,12,32,4,1
1422,0,0,0.523033343982697,1,3,3,11,3,0
1423,1,0,0.565133328723908,2,2,6,1,3,0
1424,1,1,0.594033358287811,3,2,10,44,3,0
1425,0,0,0.565133328723908,3,3,11,1,3,1
1426,1,1,0.581833334445953,1,2,2,15,2,1
1427,0,1,0.581833334445953,1,3,3,15,2,1
1428,0,1,0.571833309491475,4,1,13,34,3,1
1429,0,1,0.554433295345306,4,2,14,48,4,0
1430,0,0,0.526566670163472,2,4,8,39,1,0
1431,0,1,0.602099974091848,1,2,2,17,2,0
1432,0,1,0.552200000635783,2,3,7,36,2,1
1433,0,1,0.537000003655752,3,1,9,14,2,1
1434,0,1,0.581833334445953,4,2,14,15,2,1
1435,0,1,0.594033358287811,2,1,5,44,3,1
1436,0,0,0.611633290735881,3,4,12,10,3,0
1437,0,1,0.543666702906291,3,2,10,5,4,0
1438,0,1,0.564166665871938,4,1,13,31,1,1
1439,0,1,0.552200000635783,1,4,4,36,2,1
1440,1,0,0.537000003655752,3,2,10,14,2,0
1441,0,1,0.52436664425532,1,3,3,33,1,0
1442,1,1,0.584099987602234,2,3,7,19,3,0
1443,0,0,0.552200000635783,2,2,6,36,2,0
1444,0,1,0.611633290735881,2,4,8,10,3,0
1445,0,1,0.566633343823751,2,4,8,7,1,0
1446,1,0,0.554300017801921,1,2,2,43,3,0
1447,0,0,0.594033358287811,3,1,9,44,3,0
1448,0,1,0.547800015417735,2,2,6,32,4,0
1449,0,0,0.594033358287811,3,2,10,44,3,0
1450,1,1,0.594033358287811,1,4,4,44,3,0
1451,0,1,0.523033343982697,2,2,6,11,3,0
1452,0,1,0.543666702906291,2,2,6,5,4,0
1453,0,0,0.611633290735881,4,4,16,10,3,0
1454,0,0,0.543666702906291,2,2,6,5,4,0
1455,0,0,0.543666702906291,2,2,6,5,4,0
1456,0,1,0.543666702906291,1,2,2,5,4,0
1457,0,0,0.548066697978973,1,3,3,23,2,0
1458,0,0,0.501166654507319,2,1,5,21,1,0
1459,1,1,0.548066697978973,1,2,2,23,2,0
1460,0,1,0.543666702906291,1,1,1,5,4,0
1461,0,0,0.537000003655752,4,1,13,14,2,0
1462,0,0,0.571833309491475,3,1,9,34,3,0
1463,0,1,0.564166665871938,1,2,2,31,1,0
1464,0,1,0.564166665871938,2,2,6,31,1,0
1465,0,1,0.543666702906291,2,1,5,5,4,0
1466,0,1,0.602099974091848,1,4,4,17,2,0
1467,0,1,0.543666702906291,1,1,1,5,4,0
1468,0,0,0.526566670163472,3,4,12,39,1,0
1469,0,0,0.611633290735881,2,4,8,10,3,0
1470,0,1,0.565133328723908,2,3,7,1,3,1
1471,0,0,0.489766651884715,4,2,14,22,1,0
1472,0,1,0.52436664425532,4,1,13,33,1,0
1473,0,1,0.665466688283284,4,1,13,28,2,0
1474,0,1,0.526566670163472,3,2,10,39,1,1
1475,0,1,0.566633343823751,4,4,16,7,1,1
1476,1,1,0.565133328723908,1,2,2,1,3,1
1477,0,1,0.554300017801921,2,2,6,43,3,1
1478,0,0,0.552200000635783,3,4,12,36,2,1
1479,0,0,0.614366671593984,2,3,7,35,2,1
1480,0,0,0.613366670163472,2,3,7,3,4,1
1481,0,1,0.611633290735881,2,3,7,10,3,0
1482,0,0,0.554433295345306,3,4,12,48,4,1
1483,0,0,0.52436664425532,3,4,12,33,1,1
1484,0,1,0.554433295345306,1,2,2,48,4,1
1485,0,1,0.537000003655752,2,3,7,14,2,1
1486,0,0,0.581833334445953,4,1,13,15,2,1
1487,0,0,0.594033358287811,2,2,6,44,3,1
1488,0,0,0.526566670163472,1,4,4,39,1,1
1489,0,0,0.581833334445953,3,4,12,15,2,1
1490,0,1,0.594033358287811,2,4,8,44,3,0
1491,1,1,0.584099987602234,3,3,11,19,3,0
1492,1,1,0.52436664425532,1,2,2,33,1,0
1493,0,1,0.543666702906291,2,2,6,5,4,0
1494,0,0,0.594033358287811,2,3,7,44,3,0
1495,0,1,0.594033358287811,2,4,8,44,3,1
1496,0,0,0.548066697978973,2,4,8,23,2,1
1497,0,0,0.543666702906291,3,4,12,5,4,1
1498,0,0,0.543666702906291,2,3,7,5,4,0
1499,0,1,0.582999997297923,4,1,13,25,3,0
1500,0,0,0.52436664425532,3,2,10,33,1,0
1501,0,0,0.543666702906291,1,2,2,5,4,0
1502,0,1,0.594033358287811,3,1,9,44,3,1
1503,0,1,0.582999997297923,3,2,10,25,3,1
1504,0,1,0.611633290735881,4,3,15,10,3,1
1505,0,0,0.582999997297923,3,1,9,25,3,1
1506,0,0,0.594033358287811,3,4,12,44,3,1
1507,0,1,0.544333343505859,4,1,13,38,4,1
1508,0,0,0.527833360989889,4,3,15,50,2,1
1509,0,0,0.543666702906291,2,2,6,5,4,1
1510,0,0,0.552200000635783,3,1,9,36,2,1
1511,0,0,0.581833334445953,2,3,7,15,2,1
1512,0,1,0.554433295345306,2,4,8,48,4,1
1513,0,1,0.611633290735881,4,4,16,10,3,1
1514,0,1,0.493566658401489,4,2,14,49,1,0
1515,0,1,0.543666702906291,3,3,11,5,4,1
1516,0,0,0.613366670163472,4,2,14,3,4,1
1517,0,0,0.571833309491475,4,2,14,34,3,0
1518,0,0,0.527833360989889,4,3,15,50,2,1
1519,0,1,0.594033358287811,2,4,8,44,3,1
1520,0,1,0.537000003655752,2,1,5,14,2,1
1521,0,1,0.582999997297923,4,4,16,25,3,1
1522,0,1,0.543666702906291,3,4,12,5,4,1
1523,0,0,0.608066638533274,3,3,11,47,3,1
1524,0,1,0.526566670163472,2,2,6,39,1,0
1525,0,1,0.526566670163472,2,4,8,39,1,0
1526,0,1,0.571833309491475,3,4,12,34,3,1
1527,0,1,0.594033358287811,4,4,16,44,3,0
1528,0,1,0.594033358287811,2,3,7,44,3,1
1529,0,0,0.549599981244405,2,1,5,20,1,1
1530,0,1,0.547800015417735,1,3,3,32,4,0
1531,1,1,0.594033358287811,2,1,5,44,3,0
1532,0,0,0.554433295345306,4,3,15,48,4,0
1533,0,1,0.608066638533274,2,1,5,47,3,0
1534,0,1,0.608066638533274,1,1,1,47,3,1
1535,0,1,0.523033343982697,1,2,2,11,3,1
1536,0,1,0.594033358287811,2,2,6,44,3,1
1537,0,1,0.539733344459534,3,4,12,4,3,1
1538,0,0,0.549599981244405,4,3,15,20,1,0
1539,0,1,0.52436664425532,2,2,6,33,1,0
1540,0,1,0.526566670163472,2,2,6,39,1,0
1541,0,0,0.526566670163472,2,4,8,39,1,0
1542,0,1,0.564166665871938,1,2,2,31,1,0
1543,0,0,0.549599981244405,3,2,10,20,1,0
1544,0,0,0.52436664425532,4,4,16,33,1,1
1545,0,1,0.564166665871938,1,3,3,31,1,1
1546,0,1,0.52436664425532,2,3,7,33,1,0
1547,0,1,0.52436664425532,1,2,2,33,1,0
1548,0,1,0.526566670163472,3,2,10,39,1,0
1549,0,1,0.52436664425532,3,1,9,33,1,0
1550,0,0,0.526566670163472,1,2,2,39,1,0
1551,1,0,0.52436664425532,2,4,8,33,1,0
1552,0,0,0.526566670163472,3,2,10,39,1,0
1553,0,1,0.564166665871938,2,4,8,31,1,0
1554,0,1,0.526566670163472,2,3,7,39,1,0
1555,0,0,0.564166665871938,4,2,14,31,1,0
1556,0,1,0.489766651884715,4,1,13,22,1,0
1557,1,0,0.566633343823751,1,1,1,7,1,0
1558,0,1,0.52436664425532,2,2,6,33,1,0
1559,0,1,0.611633290735881,4,3,15,10,3,1
1560,0,1,0.52436664425532,2,2,6,33,1,1
1561,1,0,0.52436664425532,3,1,9,33,1,0
1562,0,1,0.526566670163472,2,2,6,39,1,0
1563,0,1,0.52436664425532,3,2,10,33,1,0
1564,0,1,0.526566670163472,2,3,7,39,1,0
1565,0,0,0.559299989509582,3,1,9,46,1,1
1566,1,0,0.52436664425532,1,2,2,33,1,0
1567,0,0,0.52436664425532,4,4,16,33,1,0
1568,0,1,0.602099974091848,4,4,16,17,2,1
1569,0,1,0.52436664425532,3,2,10,33,1,1
1570,0,1,0.526566670163472,4,4,16,39,1,1
1571,0,0,0.529166691144307,2,2,6,18,3,1
1572,0,1,0.564166665871938,1,2,2,31,1,1
1573,0,0,0.564166665871938,1,3,3,31,1,1
1574,0,1,0.566633343823751,3,3,11,7,1,1
1575,0,0,0.526566670163472,4,1,13,39,1,0
1576,0,0,0.526566670163472,4,1,13,39,1,0
1577,0,1,0.52436664425532,2,4,8,33,1,0
1578,1,1,0.52436664425532,4,3,15,33,1,0
1579,0,0,0.611633290735881,2,3,7,10,3,1
1580,0,1,0.552200000635783,4,2,14,36,2,1
1581,0,1,0.564166665871938,4,1,13,31,1,0
1582,0,0,0.526566670163472,4,3,15,39,1,1
1583,0,1,0.505500021378199,2,4,8,24,2,1
1584,0,1,0.566633343823751,2,4,8,7,1,0
1585,0,1,0.505500021378199,1,2,2,24,2,0
1586,0,1,0.526566670163472,3,4,12,39,1,1
1587,0,0,0.608066638533274,2,3,7,47,3,1
1588,0,1,0.537000003655752,2,4,8,14,2,1
1589,0,0,0.548066697978973,2,3,7,23,2,1
1590,0,1,0.599733334604899,2,2,6,42,2,1
1591,0,0,0.505500021378199,4,3,15,24,2,0
1592,0,0,0.548066697978973,2,4,8,23,2,0
1593,0,0,0.527833360989889,4,2,14,50,2,0
1594,0,1,0.526566670163472,1,2,2,39,1,1
1595,0,1,0.552200000635783,2,4,8,36,2,0
1596,0,1,0.548066697978973,3,2,10,23,2,1
1597,0,1,0.526566670163472,1,3,3,39,1,1
1598,0,1,0.566633343823751,2,2,6,7,1,1
1599,0,1,0.571833309491475,3,3,11,34,3,1
1600,0,0,0.52436664425532,2,4,8,33,1,1
1601,0,1,0.548066697978973,2,2,6,23,2,1
1602,0,1,0.548066697978973,2,2,6,23,2,1
1603,0,1,0.505500021378199,2,4,8,24,2,0
1604,0,1,0.611633290735881,1,3,3,10,3,1
1605,0,0,0.537000003655752,2,4,8,14,2,1
1606,0,1,0.594033358287811,2,2,6,44,3,0
1607,0,1,0.552200000635783,4,1,13,36,2,0
1608,0,0,0.564166665871938,1,2,2,31,1,0
1609,1,1,0.537000003655752,1,3,3,14,2,0
1610,0,1,0.537000003655752,1,4,4,14,2,1
1611,0,0,0.571833309491475,1,2,2,34,3,1
1612,0,1,0.571833309491475,1,2,2,34,3,1
1613,0,1,0.552200000635783,3,2,10,36,2,1
1614,0,0,0.527833360989889,3,3,11,50,2,0
1615,0,0,0.526566670163472,2,2,6,39,1,1
1616,0,1,0.505500021378199,2,4,8,24,2,1
1617,0,1,0.548066697978973,1,2,2,23,2,1
1618,0,1,0.533566686375936,4,2,14,26,2,0
1619,0,0,0.527833360989889,2,3,7,50,2,1
1620,0,1,0.523033343982697,2,1,5,11,3,1
1621,0,1,0.602099974091848,2,3,7,17,2,1
1622,0,1,0.533566686375936,2,2,6,26,2,1
1623,0,0,0.552200000635783,2,2,6,36,2,1
1624,0,1,0.548066697978973,1,2,2,23,2,1
1625,0,0,0.537000003655752,3,4,12,14,2,0
1626,0,1,0.581833334445953,3,1,9,15,2,1
1627,0,1,0.611633290735881,1,3,3,10,3,1
1628,0,1,0.566633343823751,2,3,7,7,1,0
1629,0,0,0.548066697978973,2,3,7,23,2,0
1630,1,1,0.527833360989889,1,2,2,50,2,0
1631,0,1,0.552200000635783,4,2,14,36,2,0
1632,0,1,0.523033343982697,1,3,3,11,3,1
1633,0,0,0.527833360989889,4,2,14,50,2,0
1634,0,1,0.611633290735881,1,2,2,10,3,0
1635,1,1,0.565133328723908,3,2,10,1,3,0
1636,0,0,0.537000003655752,2,4,8,14,2,0
1637,0,0,0.565133328723908,2,3,7,1,3,0
1638,0,0,0.611633290735881,4,3,15,10,3,1
1639,1,0,0.603233325068156,2,2,6,37,3,1
1640,0,1,0.594033358287811,4,2,14,44,3,1
1641,0,1,0.524800026067098,4,3,15,16,2,1
1642,1,0,0.533566686375936,2,3,7,26,2,0
1643,1,1,0.534600032583872,2,2,6,8,1,0
1644,1,1,0.501166654507319,1,2,2,21,1,0
1645,0,0,0.548066697978973,1,4,4,23,2,0
1646,0,1,0.537000003655752,3,2,10,14,2,1
1647,0,0,0.552200000635783,1,2,2,36,2,1
1648,0,1,0.571833309491475,1,2,2,34,3,1
1649,0,1,0.52436664425532,2,2,6,33,1,0
1650,0,1,0.552200000635783,3,2,10,36,2,1
1651,0,0,0.533566686375936,1,3,3,26,2,1
1652,0,0,0.594033358287811,3,4,12,44,3,1
1653,0,0,0.552200000635783,2,3,7,36,2,1
1654,0,0,0.611633290735881,2,4,8,10,3,1
1655,0,0,0.611633290735881,2,3,7,10,3,1
1656,0,1,0.611633290735881,2,3,7,10,3,1
1657,0,1,0.537000003655752,3,2,10,14,2,1
1658,0,1,0.527833360989889,2,2,6,50,2,1
1659,0,0,0.529166691144307,2,2,6,18,3,1
1660,0,1,0.571833309491475,2,2,6,34,3,1
1661,0,0,0.537000003655752,3,2,10,14,2,1
1662,0,1,0.527833360989889,1,3,3,50,2,1
1663,0,1,0.52436664425532,2,4,8,33,1,1
1664,0,1,0.526566670163472,1,3,3,39,1,1
1665,0,0,0.608066638533274,3,3,11,47,3,1
1666,1,0,0.582999997297923,2,2,6,25,3,0
1667,0,0,0.611633290735881,4,3,15,10,3,0
1668,1,1,0.523033343982697,2,4,8,11,3,0
1669,0,1,0.584099987602234,2,4,8,19,3,1
1670,0,1,0.594033358287811,1,3,3,44,3,1
1671,0,0,0.501166654507319,4,4,16,21,1,0
1672,0,1,0.527833360989889,2,2,6,50,2,0
1673,0,0,0.594033358287811,4,3,15,44,3,1
1674,1,0,0.554300017801921,3,1,9,43,3,1
1675,0,1,0.548066697978973,1,2,2,23,2,1
1676,0,0,0.548066697978973,1,2,2,23,2,1
1677,1,1,0.594033358287811,3,2,10,44,3,0
1678,0,1,0.611633290735881,1,2,2,10,3,0
1679,0,1,0.594033358287811,1,3,3,44,3,0
1680,0,1,0.581833334445953,4,1,13,15,2,1
1681,0,1,0.611633290735881,4,1,13,10,3,1
1682,0,1,0.533566686375936,3,2,10,26,2,1
1683,0,0,0.581833334445953,4,3,15,15,2,0
1684,0,1,0.611633290735881,4,3,15,10,3,1
1685,0,0,0.594033358287811,1,2,2,44,3,1
1686,0,1,0.594033358287811,3,3,11,44,3,1
1687,0,1,0.523033343982697,3,2,10,11,3,0
1688,1,0,0.548066697978973,1,2,2,23,2,0
1689,1,0,0.571833309491475,1,2,2,34,3,0
1690,1,1,0.554300017801921,2,3,7,43,3,0
1691,0,0,0.594033358287811,3,2,10,44,3,1
1692,0,0,0.554300017801921,2,4,8,43,3,1
1693,0,0,0.548066697978973,2,3,7,23,2,1
1694,0,0,0.529166691144307,2,2,6,18,3,1
1695,0,0,0.52436664425532,3,2,10,33,1,1
1696,0,1,0.548066697978973,3,2,10,23,2,1
1697,0,0,0.552200000635783,4,2,14,36,2,1
1698,0,1,0.582999997297923,2,3,7,25,3,1
1699,0,1,0.493566658401489,4,2,14,49,1,1
1700,1,0,0.584099987602234,2,4,8,19,3,0
1701,0,0,0.614366671593984,3,4,12,35,2,0
1702,0,1,0.539733344459534,4,3,15,4,3,0
1703,0,0,0.552200000635783,3,2,10,36,2,1
1704,0,1,0.552200000635783,4,3,15,36,2,1
1705,0,1,0.584099987602234,3,2,10,19,3,1
1706,0,1,0.526566670163472,1,4,4,39,1,1
1707,1,1,0.594033358287811,3,2,10,44,3,0
1708,0,1,0.554300017801921,2,2,6,43,3,0
1709,0,0,0.548066697978973,2,2,6,23,2,0
1710,1,0,0.584099987602234,2,2,6,19,3,0
1711,0,1,0.548066697978973,1,2,2,23,2,0
1712,0,1,0.582999997297923,2,3,7,25,3,1
1713,0,0,0.554300017801921,3,4,12,43,3,1
1714,0,1,0.608066638533274,2,3,7,47,3,1
1715,0,1,0.505500021378199,2,3,7,24,2,0
1716,0,0,0.548066697978973,2,4,8,23,2,0
1717,1,0,0.594033358287811,2,3,7,44,3,0
1718,1,0,0.501166654507319,1,2,2,21,1,0
1719,0,0,0.584099987602234,1,3,3,19,3,1
1720,0,0,0.570766682402293,2,2,6,27,4,1
1721,0,0,0.594033358287811,3,2,10,44,3,1
1722,0,1,0.608066638533274,2,2,6,47,3,0
1723,0,0,0.543666702906291,4,3,15,5,4,1
1724,0,0,0.611633290735881,1,2,2,10,3,1
1725,0,0,0.594033358287811,1,3,3,44,3,1
1726,0,1,0.524800026067098,4,4,16,16,2,0
1727,0,0,0.548066697978973,2,3,7,23,2,1
1728,0,0,0.543666702906291,2,4,8,5,4,1
1729,0,0,0.554433295345306,1,3,3,48,4,1
1730,0,1,0.611633290735881,4,3,15,10,3,1
1731,0,0,0.566633343823751,1,2,2,7,1,1
1732,0,1,0.543666702906291,1,2,2,5,4,1
1733,0,1,0.611633290735881,4,2,14,10,3,1
1734,0,0,0.543666702906291,4,2,14,5,4,0
1735,0,1,0.594033358287811,2,2,6,44,3,0
1736,0,1,0.505500021378199,2,2,6,24,2,0
1737,0,1,0.602099974091848,1,2,2,17,2,1
1738,0,0,0.537000003655752,2,3,7,14,2,0
1739,1,1,0.554433295345306,2,3,7,48,4,0
1740,0,0,0.584566701952616,3,3,11,6,4,1
1741,0,0,0.692699998092651,1,3,3,45,4,1
1742,0,0,0.611633290735881,3,2,10,10,3,1
1743,0,0,0.529166691144307,3,1,9,18,3,1
1744,0,1,0.552200000635783,4,3,15,36,2,1
1745,0,1,0.543666702906291,3,2,10,5,4,0
1746,0,1,0.554433295345306,4,2,14,48,4,0
1747,0,1,0.548066697978973,3,4,12,23,2,1
1748,0,1,0.602099974091848,4,1,13,17,2,0
1749,0,1,0.584566701952616,3,2,10,6,4,0
1750,0,0,0.543666702906291,3,3,11,5,4,0
1751,0,1,0.505500021378199,3,3,11,24,2,0
1752,0,0,0.613366670163472,2,2,6,3,4,0
1753,0,1,0.524800026067098,2,2,6,16,2,0
1754,0,1,0.534600032583872,4,2,14,8,1,0
1755,0,1,0.543666702906291,3,4,12,5,4,0
1756,0,1,0.611633290735881,4,1,13,10,3,0
1757,1,0,0.501166654507319,3,2,10,21,1,0
1758,0,1,0.547800015417735,2,2,6,32,4,0
1759,0,1,0.543666702906291,1,1,1,5,4,1
1760,0,1,0.594033358287811,1,4,4,44,3,0
1761,0,1,0.543666702906291,2,4,8,5,4,1
1762,0,1,0.611633290735881,2,4,8,10,3,1
1763,0,1,0.547800015417735,2,3,7,32,4,1
1764,0,1,0.543666702906291,1,2,2,5,4,1
1765,0,1,0.493566658401489,4,4,16,49,1,1
1766,0,0,0.581833334445953,2,2,6,15,2,0
1767,0,1,0.527833360989889,3,2,10,50,2,0
1768,0,1,0.543666702906291,2,3,7,5,4,1
1769,0,1,0.523033343982697,2,4,8,11,3,1
1770,0,1,0.565133328723908,4,1,13,1,3,1
1771,0,0,0.527833360989889,1,1,1,50,2,0
1772,1,0,0.552200000635783,1,4,4,36,2,1
1773,0,1,0.554433295345306,3,4,12,48,4,0
1774,0,1,0.613366670163472,2,2,6,3,4,0
1775,0,1,0.547800015417735,4,4,16,32,4,1
1776,1,1,0.52436664425532,1,1,1,33,1,1
1777,1,0,0.611633290735881,2,2,6,10,3,1
1778,0,1,0.554433295345306,1,1,1,48,4,1
1779,0,0,0.544333343505859,2,2,6,38,4,0
1780,0,0,0.584566701952616,2,4,8,6,4,1
1781,0,1,0.529166691144307,4,4,16,18,3,0
1782,0,0,0.526566670163472,2,2,6,39,1,0
1783,0,1,0.544333343505859,1,2,2,38,4,0
1784,0,0,0.52436664425532,3,1,9,33,1,0
1785,0,1,0.547800015417735,1,1,1,32,4,0
1786,0,0,0.543666702906291,1,1,1,5,4,0
1787,0,1,0.52436664425532,1,2,2,33,1,0
1788,0,1,0.539733344459534,1,2,2,4,3,0
1789,0,1,0.581833334445953,3,2,10,15,2,1
1790,0,1,0.548066697978973,1,4,4,23,2,1
1791,0,1,0.543666702906291,1,4,4,5,4,0
1792,0,0,0.505500021378199,3,4,12,24,2,0
1793,0,0,0.548066697978973,1,4,4,23,2,0
1794,0,1,0.526566670163472,3,2,10,39,1,0
1795,0,1,0.527833360989889,4,4,16,50,2,0
1796,0,1,0.533566686375936,3,2,10,26,2,1
1797,0,0,0.548066697978973,3,4,12,23,2,1
1798,0,0,0.534600032583872,1,3,3,8,1,1
1799,0,0,0.603833326975505,3,3,11,29,4,1
1800,0,1,0.594033358287811,1,3,3,44,3,0
1801,0,0,0.529166691144307,1,2,2,18,3,0
1802,0,0,0.594033358287811,3,4,12,44,3,0
1803,0,0,0.524800026067098,3,2,10,16,2,1
1804,0,0,0.581833334445953,2,2,6,15,2,0
1805,0,0,0.527833360989889,2,3,7,50,2,1
1806,1,1,0.52436664425532,3,3,11,33,1,1
1807,0,1,0.608066638533274,2,3,7,47,3,1
1808,0,0,0.552200000635783,1,4,4,36,2,1
1809,0,1,0.52436664425532,1,3,3,33,1,1
1810,0,1,0.608066638533274,2,4,8,47,3,1
1811,0,1,0.594033358287811,3,2,10,44,3,1
1812,0,1,0.584566701952616,1,3,3,6,4,1
1813,1,0,0.564166665871938,1,3,3,31,1,1
1814,0,1,0.537000003655752,4,1,13,14,2,1
1815,0,0,0.543666702906291,4,1,13,5,4,1
1816,0,1,0.564166665871938,1,2,2,31,1,1
1817,0,0,0.608066638533274,3,4,12,47,3,0
1818,0,0,0.594033358287811,2,3,7,44,3,1
1819,0,0,0.613366670163472,3,3,11,3,4,1
1820,0,1,0.543666702906291,2,3,7,5,4,1
1821,0,0,0.523033343982697,1,3,3,11,3,0
1822,0,1,0.543666702906291,1,2,2,5,4,0
1823,0,1,0.544333343505859,2,2,6,38,4,0
1824,0,1,0.533566686375936,1,2,2,26,2,0
1825,0,1,0.552200000635783,4,2,14,36,2,1
1826,0,1,0.584566701952616,2,3,7,6,4,1
1827,0,1,0.543666702906291,2,3,7,5,4,1
1828,0,0,0.564166665871938,2,4,8,31,1,1
1829,0,0,0.611633290735881,2,3,7,10,3,1
1830,0,0,0.564166665871938,1,2,2,31,1,1
1831,0,0,0.52436664425532,4,2,14,33,1,1
1832,0,0,0.543666702906291,2,3,7,5,4,1
1833,0,1,0.548066697978973,4,2,14,23,2,1
1834,0,1,0.52436664425532,3,3,11,33,1,0
1835,0,1,0.549599981244405,1,2,2,20,1,0
1836,0,1,0.581833334445953,2,2,6,15,2,0
1837,0,1,0.533566686375936,3,2,10,26,2,1
1838,0,0,0.543666702906291,2,3,7,5,4,1
1839,0,0,0.554433295345306,2,3,7,48,4,0
1840,0,1,0.523033343982697,2,2,6,11,3,0
1841,0,1,0.554300017801921,2,4,8,43,3,1
1842,0,1,0.52436664425532,3,3,11,33,1,0
1843,0,0,0.566633343823751,3,2,10,7,1,1
1844,0,1,0.549599981244405,1,2,2,20,1,1
1845,0,1,0.526566670163472,2,2,6,39,1,1
1846,0,0,0.493566658401489,4,1,13,49,1,0
1847,0,1,0.603833326975505,3,3,11,29,4,1
1848,0,1,0.526566670163472,3,1,9,39,1,0
1849,0,1,0.543666702906291,1,3,3,5,4,1
1850,0,1,0.613366670163472,2,3,7,3,4,0
1851,0,1,0.524800026067098,1,2,2,16,2,0
1852,0,1,0.554433295345306,3,3,11,48,4,1
1853,1,1,0.543666702906291,2,2,6,5,4,0
1854,0,1,0.489766651884715,4,2,14,22,1,1
1855,0,1,0.566633343823751,1,4,4,7,1,1
1856,0,1,0.572766618665059,1,3,3,41,3,1
1857,0,1,0.611633290735881,2,4,8,10,3,1
1858,0,1,0.566633343823751,2,3,7,7,1,1
1859,0,1,0.611633290735881,2,3,7,10,3,0
1860,0,0,0.552200000635783,2,2,6,36,2,0
1861,0,0,0.52436664425532,2,2,6,33,1,0
1862,0,0,0.526566670163472,2,4,8,39,1,1
1863,0,1,0.564166665871938,2,2,6,31,1,1
1864,0,1,0.527833360989889,1,2,2,50,2,1
1865,0,1,0.533566686375936,3,4,12,26,2,0
1866,1,1,0.548066697978973,3,4,12,23,2,0
1867,0,0,0.564166665871938,2,3,7,31,1,1
1868,0,1,0.493566658401489,2,3,7,49,1,0
1869,0,0,0.533566686375936,2,2,6,26,2,0
1870,0,1,0.594033358287811,4,4,16,44,3,1
1871,0,0,0.527833360989889,2,3,7,50,2,0
1872,0,1,0.549599981244405,3,2,10,20,1,1
1873,0,1,0.608066638533274,1,4,4,47,3,1
1874,0,1,0.543666702906291,2,3,7,5,4,0
1875,0,0,0.611633290735881,2,2,6,10,3,0
1876,0,1,0.543666702906291,1,1,1,5,4,1
1877,0,1,0.526566670163472,1,3,3,39,1,1
1878,0,0,0.548066697978973,2,4,8,23,2,0
1879,0,0,0.527833360989889,2,4,8,50,2,1
1880,0,1,0.489766651884715,2,3,7,22,1,1
1881,0,0,0.537000003655752,2,2,6,14,2,1
1882,0,1,0.549599981244405,4,1,13,20,1,1
1883,0,1,0.608066638533274,2,2,6,47,3,1
1884,0,1,0.594033358287811,4,1,13,44,3,1
1885,0,0,0.565133328723908,2,2,6,1,3,1
1886,0,0,0.523033343982697,1,2,2,11,3,1
1887,0,1,0.543666702906291,1,3,3,5,4,1
1888,0,1,0.548066697978973,1,3,3,23,2,1
1889,0,0,0.554300017801921,3,2,10,43,3,1
1890,0,1,0.526566670163472,3,2,10,39,1,1
1891,0,0,0.594033358287811,2,2,6,44,3,1
1892,0,0,0.608066638533274,3,1,9,47,3,1
1893,0,0,0.571833309491475,2,4,8,34,3,0
1894,0,0,0.548066697978973,2,3,7,23,2,1
1895,0,1,0.608066638533274,4,3,15,47,3,1
1896,0,1,0.581833334445953,2,2,6,15,2,1
1897,0,1,0.52436664425532,1,3,3,33,1,0
1898,0,0,0.526566670163472,2,4,8,39,1,0
1899,0,1,0.547800015417735,3,2,10,32,4,1
1900,0,0,0.543666702906291,1,2,2,5,4,0
1901,0,1,0.52436664425532,2,1,5,33,1,0
1902,0,1,0.584099987602234,2,3,7,19,3,1
1903,0,1,0.603233325068156,3,4,12,37,3,1
1904,0,1,0.523033343982697,2,2,6,11,3,1
1905,1,0,0.548066697978973,2,2,6,23,2,0
1906,0,0,0.529166691144307,2,1,5,18,3,0
1907,0,1,0.611633290735881,2,4,8,10,3,1
1908,0,1,0.543666702906291,1,2,2,5,4,1
1909,0,0,0.543666702906291,2,4,8,5,4,1
1910,1,0,0.493566658401489,1,2,2,49,1,1
1911,0,1,0.548066697978973,4,1,13,23,2,1
1912,0,1,0.692699998092651,4,2,14,45,4,1
1913,0,1,0.554433295345306,3,2,10,48,4,0
1914,0,1,0.581833334445953,1,2,2,15,2,0
1915,0,0,0.599733334604899,2,2,6,42,2,0
1916,0,0,0.526566670163472,3,3,11,39,1,1
1917,0,0,0.501166654507319,3,3,11,21,1,1
1918,0,0,0.611633290735881,3,4,12,10,3,0
1919,0,0,0.611633290735881,2,2,6,10,3,1
1920,1,1,0.584099987602234,2,2,6,19,3,0
1921,0,1,0.566633343823751,2,4,8,7,1,0
1922,0,1,0.526566670163472,2,2,6,39,1,0
1923,0,0,0.52436664425532,2,3,7,33,1,1
1924,0,0,0.552200000635783,3,4,12,36,2,1
1925,0,1,0.603233325068156,3,3,11,37,3,0
1926,0,1,0.602099974091848,2,4,8,17,2,1
1927,0,0,0.602099974091848,2,4,8,17,2,1
1928,0,1,0.52436664425532,2,2,6,33,1,1
1929,0,0,0.603233325068156,3,4,12,37,3,1
1930,0,1,0.613366670163472,3,2,10,3,4,1
1931,0,1,0.611633290735881,4,1,13,10,3,1
1932,0,0,0.501166654507319,1,3,3,21,1,0
1933,0,1,0.571833309491475,3,2,10,34,3,0
1934,1,1,0.537000003655752,2,4,8,14,2,0
1935,0,1,0.581833334445953,3,1,9,15,2,0
1936,0,1,0.489766651884715,2,4,8,22,1,1
1937,0,0,0.665466688283284,1,3,3,28,2,1
1938,0,1,0.552200000635783,2,3,7,36,2,1
1939,0,1,0.501166654507319,2,4,8,21,1,0
1940,0,1,0.565133328723908,4,4,16,1,3,1
1941,0,1,0.526566670163472,1,3,3,39,1,1
1942,0,1,0.594033358287811,1,4,4,44,3,1
1943,1,1,0.571833309491475,2,2,6,34,3,0
1944,0,1,0.501166654507319,3,3,11,21,1,0
1945,0,0,0.584566701952616,2,3,7,6,4,1
1946,1,1,0.501166654507319,2,4,8,21,1,0
1947,0,1,0.602099974091848,2,2,6,17,2,1
1948,0,0,0.526566670163472,2,4,8,39,1,0
1949,0,1,0.537000003655752,2,2,6,14,2,0
1950,0,0,0.552200000635783,3,4,12,36,2,1
1951,0,1,0.552200000635783,1,2,2,36,2,1
1952,0,0,0.543666702906291,3,2,10,5,4,1
1953,0,1,0.537000003655752,1,2,2,14,2,1
1954,0,1,0.552200000635783,1,3,3,36,2,1
1955,0,1,0.543666702906291,1,3,3,5,4,1
1956,0,1,0.505500021378199,2,4,8,24,2,1
1957,0,0,0.582999997297923,1,4,4,25,3,1
1958,0,0,0.594033358287811,1,3,3,44,3,0
1959,1,1,0.537000003655752,2,3,7,14,2,0
1960,0,1,0.537000003655752,2,3,7,14,2,0
1961,0,1,0.613366670163472,3,2,10,3,4,1
1962,0,1,0.581833334445953,3,2,10,15,2,1
1963,0,1,0.543666702906291,2,2,6,5,4,1
1964,0,1,0.565133328723908,3,2,10,1,3,1
1965,1,0,0.565133328723908,1,2,2,1,3,1
1966,0,1,0.594033358287811,2,4,8,44,3,1
1967,0,0,0.582999997297923,2,2,6,25,3,1
1968,0,1,0.524800026067098,2,4,8,16,2,1
1969,0,1,0.537000003655752,1,4,4,14,2,0
1970,0,1,0.570766682402293,3,3,11,27,4,0
1971,0,1,0.582999997297923,2,4,8,25,3,1
1972,0,0,0.554433295345306,3,3,11,48,4,1
1973,0,0,0.527833360989889,1,1,1,50,2,1
1974,0,1,0.539733344459534,3,2,10,4,3,1
1975,0,1,0.537000003655752,1,1,1,14,2,1
1976,0,1,0.533566686375936,2,4,8,26,2,0
1977,0,1,0.584099987602234,2,2,6,19,3,0
1978,0,0,0.533566686375936,4,1,13,26,2,0
1979,0,0,0.565133328723908,1,2,2,1,3,1
1980,0,0,0.582999997297923,2,4,8,25,3,1
1981,0,0,0.554300017801921,2,1,5,43,3,1
1982,0,1,0.594033358287811,3,2,10,44,3,0
1983,0,0,0.527833360989889,3,3,11,50,2,0
1984,0,1,0.613366670163472,3,2,10,3,4,0
1985,0,1,0.505500021378199,2,4,8,24,2,1
1986,0,0,0.594033358287811,3,4,12,44,3,1
1987,0,0,0.565133328723908,2,2,6,1,3,1
1988,0,1,0.537000003655752,3,3,11,14,2,1
1989,0,1,0.543666702906291,3,2,10,5,4,1
1990,0,1,0.543666702906291,1,2,2,5,4,1
1991,0,0,0.692699998092651,4,3,15,45,4,1
1992,0,0,0.633833340326945,2,3,7,51,4,1
1993,0,1,0.543666702906291,3,3,11,5,4,1
1994,0,1,0.692699998092651,2,2,6,45,4,1
1995,0,0,0.554433295345306,2,3,7,48,4,1
1996,0,0,0.543666702906291,2,4,8,5,4,1
1997,0,0,0.613366670163472,4,4,16,3,4,1
1998,0,1,0.570766682402293,2,2,6,27,4,0
1999,0,1,0.543666702906291,3,2,10,5,4,0
2000,0,1,0.544333343505859,2,4,8,38,4,0
2001,0,1,0.543666702906291,3,4,12,5,4,1
2002,0,0,0.543666702906291,3,1,9,5,4,0
2003,0,0,0.543666702906291,4,2,14,5,4,1
2004,0,1,0.543666702906291,2,3,7,5,4,1
2005,0,1,0.543666702906291,4,4,16,5,4,1
2006,0,1,0.543666702906291,1,4,4,5,4,0
2007,0,1,0.547800015417735,3,2,10,32,4,0
2008,0,0,0.543666702906291,1,4,4,5,4,0
2009,0,1,0.584566701952616,1,3,3,6,4,1
2010,0,0,0.603833326975505,1,4,4,29,4,1
2011,0,1,0.543666702906291,2,3,7,5,4,0
2012,0,1,0.613366670163472,3,2,10,3,4,1
2013,0,1,0.543666702906291,1,3,3,5,4,1
2014,0,0,0.543666702906291,2,2,6,5,4,0
2015,1,1,0.543666702906291,3,3,11,5,4,0
